"episode","1000 - _step","1000 - other_coins1"
"1","0","0.14"
"2","1","0.17"
"3","2","0.23"
"4","3","0.24"
"5","4","0.31"
"6","5","0.22"
"7","6","0.26"
"8","7","0.24"
"9","8","0.22"
"10","9","0.24"
"11","10","0.26"
"12","11","0.27"
"13","12","0.21"
"14","13","0.21"
"15","14","0.25"
"16","15","0.23"
"17","16","0.34"
"18","17","0.31"
"19","18","0.33"
"20","19","0.3"
"21","20","0.3"
"22","21","0.3"
"23","22","0.28"
"24","23","0.29"
"25","24","0.35"
"26","25","0.38"
"27","26","0.34"
"28","27","0.36"
"29","28","0.48"
"30","29","0.35"
"31","30","0.36"
"32","31","0.41"
"33","32","0.45"
"34","33","0.32"
"35","34","0.4"
"36","35","0.48"
"37","36","0.46"
"38","37","0.35"
"39","38","0.46"
"40","39","0.42"
"41","40","0.32"
"42","41","0.44"
"43","42","0.41"
"44","43","0.47"
"45","44","0.53"
"46","45","0.49"
"47","46","0.4"
"48","47","0.38"
"49","48","0.34"
"50","49","0.51"
"51","50","0.49"
"52","51","0.56"
"53","52","0.57"
"54","53","0.58"
"55","54","0.35"
"56","55","0.37"
"57","56","0.46"
"58","57","0.43"
"59","58","0.54"
"60","59","0.47"
"61","60","0.4"
"62","61","0.43"
"63","62","0.48"
"64","63","0.45"
"65","64","0.47"
"66","65","0.39"
"67","66","0.42"
"68","67","0.46"
"69","68","0.5"
"70","69","0.44"
"71","70","0.48"
"72","71","0.51"
"73","72","0.41"
"74","73","0.36"
"75","74","0.37"
"76","75","0.51"
"77","76","0.41"
"78","77","0.54"
"79","78","0.53"
"80","79","0.59"
"81","80","0.47"
"82","81","0.5"
"83","82","0.44"
"84","83","0.53"
"85","84","0.46"
"86","85","0.45"
"87","86","0.36"
"88","87","0.44"
"89","88","0.45"
"90","89","0.43"
"91","90","0.44"
"92","91","0.42"
"93","92","0.34"
"94","93","0.44"
"95","94","0.47"
"96","95","0.48"
"97","96","0.5"
"98","97","0.43"
"99","98","0.56"
"100","99","0.42"
"101","100","0.44"
"102","101","0.41"
"103","102","0.36"
"104","103","0.41"
"105","104","0.49"
"106","105","0.47"
"107","106","0.36"
"108","107","0.46"
"109","108","0.43"
"110","109","0.46"
"111","110","0.49"
"112","111","0.45"
"113","112","0.51"
"114","113","0.49"
"115","114","0.44"
"116","115","0.4"
"117","116","0.4"
"118","117","0.55"
"119","118","0.47"
"120","119","0.41"
"121","120","0.51"
"122","121","0.4"
"123","122","0.34"
"124","123","0.54"
"125","124","0.52"
"126","125","0.41"
"127","126","0.43"
"128","127","0.41"
"129","128","0.48"
"130","129","0.44"
"131","130","0.45"
"132","131","0.49"
"133","132","0.46"
"134","133","0.47"
"135","134","0.52"
"136","135","0.41"
"137","136","0.4"
"138","137","0.41"
"139","138","0.49"
"140","139","0.4"
"141","140","0.38"
"142","141","0.54"
"143","142","0.44"
"144","143","0.57"
"145","144","0.37"
"146","145","0.45"
"147","146","0.46"
"148","147","0.59"
"149","148","0.5"
"150","149","0.49"
"151","150","0.4"
"152","151","0.48"
"153","152","0.46"
"154","153","0.36"
"155","154","0.45"
"156","155","0.52"
"157","156","0.56"
"158","157","0.46"
"159","158","0.42"
"160","159","0.41"
"161","160","0.4"
"162","161","0.5"
"163","162","0.36"
"164","163","0.43"
"165","164","0.46"
"166","165","0.56"
"167","166","0.49"
"168","167","0.5"
"169","168","0.45"
"170","169","0.47"
"171","170","0.53"
"172","171","0.49"
"173","172","0.42"
"174","173","0.48"
"175","174","0.44"
"176","175","0.48"
"177","176","0.41"
"178","177","0.41"
"179","178","0.41"
"180","179","0.32"
"181","180","0.38"
"182","181","0.42"
"183","182","0.49"
"184","183","0.51"
"185","184","0.42"
"186","185","0.51"
"187","186","0.35"
"188","187","0.45"
"189","188","0.44"
"190","189","0.52"
"191","190","0.47"
"192","191","0.44"
"193","192","0.42"
"194","193","0.5"
"195","194","0.48"
"196","195","0.41"
"197","196","0.53"
"198","197","0.55"
"199","198","0.43"
"200","199","0.51"
"201","200","0.37"
"202","201","0.43"
"203","202","0.5"
"204","203","0.45"
"205","204","0.47"
"206","205","0.46"
"207","206","0.5"
"208","207","0.48"
"209","208","0.33"
"210","209","0.47"
"211","210","0.53"
"212","211","0.64"
"213","212","0.41"
"214","213","0.39"
"215","214","0.4"
"216","215","0.53"
"217","216","0.51"
"218","217","0.41"
"219","218","0.35"
"220","219","0.42"
"221","220","0.47"
"222","221","0.53"
"223","222","0.43"
"224","223","0.54"
"225","224","0.48"
"226","225","0.42"
"227","226","0.53"
"228","227","0.44"
"229","228","0.37"
"230","229","0.52"
"231","230","0.36"
"232","231","0.45"
"233","232","0.47"
"234","233","0.4"
"235","234","0.44"
"236","235","0.38"
"237","236","0.53"
"238","237","0.45"
"239","238","0.53"
"240","239","0.46"
"241","240","0.55"
"242","241","0.47"
"243","242","0.46"
"244","243","0.51"
"245","244","0.53"
"246","245","0.43"
"247","246","0.34"
"248","247","0.45"
"249","248","0.43"
"250","249","0.45"
"251","250","0.39"
"252","251","0.42"
"253","252","0.51"
"254","253","0.44"
"255","254","0.38"
"256","255","0.34"
"257","256","0.57"
"258","257","0.46"
"259","258","0.39"
"260","259","0.38"
"261","260","0.39"
"262","261","0.52"
"263","262","0.41"
"264","263","0.44"
"265","264","0.39"
"266","265","0.45"
"267","266","0.47"
"268","267","0.46"
"269","268","0.53"
"270","269","0.44"
"271","270","0.44"
"272","271","0.49"
"273","272","0.54"
"274","273","0.4"
"275","274","0.4"
"276","275","0.46"
"277","276","0.48"
"278","277","0.41"
"279","278","0.42"
"280","279","0.44"
"281","280","0.43"
"282","281","0.36"
"283","282","0.42"
"284","283","0.48"
"285","284","0.43"
"286","285","0.38"
"287","286","0.55"
"288","287","0.53"
"289","288","0.49"
"290","289","0.42"
"291","290","0.46"
"292","291","0.47"
"293","292","0.49"
"294","293","0.43"
"295","294","0.47"
"296","295","0.46"
"297","296","0.4"
"298","297","0.54"
"299","298","0.47"
"300","299","0.44"
"301","300","0.48"
"302","301","0.45"
"303","302","0.32"
"304","303","0.45"
"305","304","0.4"
"306","305","0.42"
"307","306","0.6"
"308","307","0.39"
"309","308","0.58"
"310","309","0.42"
"311","310","0.56"
"312","311","0.51"
"313","312","0.48"
"314","313","0.42"
"315","314","0.45"
"316","315","0.4"
"317","316","0.56"
"318","317","0.42"
"319","318","0.44"
"320","319","0.39"
"321","320","0.47"
"322","321","0.42"
"323","322","0.4"
"324","323","0.5"
"325","324","0.69"
"326","325","0.46"
"327","326","0.44"
"328","327","0.38"
"329","328","0.48"
"330","329","0.37"
"331","330","0.52"
"332","331","0.54"
"333","332","0.52"
"334","333","0.38"
"335","334","0.42"
"336","335","0.39"
"337","336","0.47"
"338","337","0.48"
"339","338","0.47"
"340","339","0.4"
"341","340","0.46"
"342","341","0.38"
"343","342","0.39"
"344","343","0.51"
"345","344","0.43"
"346","345","0.52"
"347","346","0.46"
"348","347","0.41"
"349","348","0.48"
"350","349","0.57"
"351","350","0.57"
"352","351","0.56"
"353","352","0.56"
"354","353","0.47"
"355","354","0.45"
"356","355","0.53"
"357","356","0.48"
"358","357","0.52"
"359","358","0.52"
"360","359","0.4"
"361","360","0.53"
"362","361","0.5"
"363","362","0.44"
"364","363","0.47"
"365","364","0.37"
"366","365","0.43"
"367","366","0.47"
"368","367","0.57"
"369","368","0.37"
"370","369","0.42"
"371","370","0.32"
"372","371","0.43"
"373","372","0.41"
"374","373","0.33"
"375","374","0.41"
"376","375","0.5"
"377","376","0.45"
"378","377","0.44"
"379","378","0.55"
"380","379","0.42"
"381","380","0.5"
"382","381","0.4"
"383","382","0.44"
"384","383","0.43"
"385","384","0.55"
"386","385","0.43"
"387","386","0.39"
"388","387","0.49"
"389","388","0.49"
"390","389","0.44"
"391","390","0.41"
"392","391","0.48"
"393","392","0.43"
"394","393","0.36"
"395","394","0.41"
"396","395","0.46"
"397","396","0.5"
"398","397","0.55"
"399","398","0.46"
"400","399","0.49"
"401","400","0.42"
"402","401","0.56"
"403","402","0.51"
"404","403","0.4"
"405","404","0.54"
"406","405","0.45"
"407","406","0.41"
"408","407","0.46"
"409","408","0.43"
"410","409","0.42"
"411","410","0.47"
"412","411","0.46"
"413","412","0.38"
"414","413","0.45"
"415","414","0.42"
"416","415","0.41"
"417","416","0.43"
"418","417","0.62"
"419","418","0.34"
"420","419","0.46"
"421","420","0.46"
"422","421","0.38"
"423","422","0.43"
"424","423","0.58"
"425","424","0.49"
"426","425","0.35"
"427","426","0.52"
"428","427","0.45"
"429","428","0.4"
"430","429","0.57"
"431","430","0.47"
"432","431","0.53"
"433","432","0.48"
"434","433","0.5"
"435","434","0.47"
"436","435","0.45"
"437","436","0.47"
"438","437","0.43"
"439","438","0.38"
"440","439","0.44"
"441","440","0.41"
"442","441","0.46"
"443","442","0.41"
"444","443","0.49"
"445","444","0.52"
"446","445","0.4"
"447","446","0.49"
"448","447","0.4"
"449","448","0.44"
"450","449","0.33"
"451","450","0.43"
"452","451","0.47"
"453","452","0.41"
"454","453","0.52"
"455","454","0.51"
"456","455","0.41"
"457","456","0.42"
"458","457","0.39"
"459","458","0.38"
"460","459","0.45"
"461","460","0.42"
"462","461","0.47"
"463","462","0.47"
"464","463","0.52"
"465","464","0.49"
"466","465","0.52"
"467","466","0.49"
"468","467","0.63"
"469","468","0.47"
"470","469","0.45"
"471","470","0.48"
"472","471","0.4"
"473","472","0.37"
"474","473","0.4"
"475","474","0.44"
"476","475","0.51"
"477","476","0.48"
"478","477","0.43"
"479","478","0.49"
"480","479","0.46"
"481","480","0.52"
"482","481","0.49"
"483","482","0.43"
"484","483","0.41"
"485","484","0.45"
"486","485","0.46"
"487","486","0.5"
"488","487","0.57"
"489","488","0.35"
"490","489","0.31"
"491","490","0.5"
"492","491","0.41"
"493","492","0.38"
"494","493","0.43"
"495","494","0.42"
"496","495","0.5"
"497","496","0.44"
"498","497","0.56"
"499","498","0.43"
"500","499","0.36"
"501","500","0.43"
"502","501","0.4"
"503","502","0.51"
"504","503","0.41"
"505","504","0.48"
"506","505","0.42"
"507","506","0.51"
"508","507","0.41"
"509","508","0.3"
"510","509","0.35"
"511","510","0.44"
"512","511","0.42"
"513","512","0.49"
"514","513","0.43"
"515","514","0.46"
"516","515","0.47"
"517","516","0.48"
"518","517","0.45"
"519","518","0.52"
"520","519","0.6"
"521","520","0.45"
"522","521","0.54"
"523","522","0.47"
"524","523","0.47"
"525","524","0.49"
"526","525","0.5"
"527","526","0.48"
"528","527","0.44"
"529","528","0.46"
"530","529","0.46"
"531","530","0.47"
"532","531","0.41"
"533","532","0.42"
"534","533","0.46"
"535","534","0.49"
"536","535","0.47"
"537","536","0.46"
"538","537","0.53"
"539","538","0.44"
"540","539","0.41"
"541","540","0.39"
"542","541","0.57"
"543","542","0.56"
"544","543","0.42"
"545","544","0.39"
"546","545","0.45"
"547","546","0.49"
"548","547","0.46"
"549","548","0.48"
"550","549","0.47"
"551","550","0.48"
"552","551","0.47"
"553","552","0.52"
"554","553","0.46"
"555","554","0.47"
"556","555","0.39"
"557","556","0.36"
"558","557","0.49"
"559","558","0.42"
"560","559","0.28"
"561","560","0.36"
"562","561","0.48"
"563","562","0.47"
"564","563","0.37"
"565","564","0.46"
"566","565","0.42"
"567","566","0.5"
"568","567","0.39"
"569","568","0.52"
"570","569","0.48"
"571","570","0.54"
"572","571","0.39"
"573","572","0.53"
"574","573","0.44"
"575","574","0.44"
"576","575","0.47"
"577","576","0.51"
"578","577","0.47"
"579","578","0.5"
"580","579","0.58"
"581","580","0.48"
"582","581","0.45"
"583","582","0.53"
"584","583","0.39"
"585","584","0.47"
"586","585","0.48"
"587","586","0.39"
"588","587","0.43"
"589","588","0.45"
"590","589","0.45"
"591","590","0.48"
"592","591","0.37"
"593","592","0.45"
"594","593","0.47"
"595","594","0.43"
"596","595","0.42"
"597","596","0.43"
"598","597","0.49"
"599","598","0.34"
"600","599","0.43"
"601","600","0.51"
"602","601","0.38"
"603","602","0.56"
"604","603","0.45"
"605","604","0.55"
"606","605","0.37"
"607","606","0.45"
"608","607","0.51"
"609","608","0.46"
"610","609","0.42"
"611","610","0.49"
"612","611","0.48"
"613","612","0.35"
"614","613","0.49"
"615","614","0.41"
"616","615","0.36"
"617","616","0.43"
"618","617","0.46"
"619","618","0.45"
"620","619","0.49"
"621","620","0.45"
"622","621","0.47"
"623","622","0.54"
"624","623","0.44"
"625","624","0.41"
"626","625","0.41"
"627","626","0.51"
"628","627","0.46"
"629","628","0.56"
"630","629","0.48"
"631","630","0.36"
"632","631","0.39"
"633","632","0.45"
"634","633","0.39"
"635","634","0.37"
"636","635","0.4"
"637","636","0.39"
"638","637","0.42"
"639","638","0.44"
"640","639","0.36"
"641","640","0.47"
"642","641","0.39"
"643","642","0.52"
"644","643","0.45"
"645","644","0.41"
"646","645","0.42"
"647","646","0.44"
"648","647","0.55"
"649","648","0.34"
"650","649","0.31"
"651","650","0.43"
"652","651","0.35"
"653","652","0.56"
"654","653","0.53"
"655","654","0.49"
"656","655","0.39"
"657","656","0.56"
"658","657","0.46"
"659","658","0.49"
"660","659","0.42"
"661","660","0.31"
"662","661","0.52"
"663","662","0.51"
"664","663","0.49"
"665","664","0.34"
"666","665","0.34"
"667","666","0.41"
"668","667","0.44"
"669","668","0.45"
"670","669","0.48"
"671","670","0.43"
"672","671","0.39"
"673","672","0.42"
"674","673","0.48"
"675","674","0.43"
"676","675","0.39"
"677","676","0.43"
"678","677","0.46"
"679","678","0.57"
"680","679","0.4"
"681","680","0.49"
"682","681","0.47"
"683","682","0.49"
"684","683","0.46"
"685","684","0.48"
"686","685","0.39"
"687","686","0.43"
"688","687","0.45"
"689","688","0.38"
"690","689","0.47"
"691","690","0.36"
"692","691","0.39"
"693","692","0.51"
"694","693","0.4"
"695","694","0.48"
"696","695","0.52"
"697","696","0.41"
"698","697","0.52"
"699","698","0.36"
"700","699","0.4"
"701","700","0.53"
"702","701","0.54"
"703","702","0.53"
"704","703","0.38"
"705","704","0.4"
"706","705","0.5"
"707","706","0.52"
"708","707","0.37"
"709","708","0.44"
"710","709","0.56"
"711","710","0.4"
"712","711","0.51"
"713","712","0.43"
"714","713","0.48"
"715","714","0.43"
"716","715","0.45"
"717","716","0.47"
"718","717","0.46"
"719","718","0.52"
"720","719","0.48"
"721","720","0.51"
"722","721","0.39"
"723","722","0.52"
"724","723","0.42"
"725","724","0.46"
"726","725","0.37"
"727","726","0.4"
"728","727","0.44"
"729","728","0.45"
"730","729","0.56"
"731","730","0.4"
"732","731","0.42"
"733","732","0.49"
"734","733","0.54"
"735","734","0.4"
"736","735","0.44"
"737","736","0.35"
"738","737","0.43"
"739","738","0.46"
"740","739","0.46"
"741","740","0.44"
"742","741","0.46"
"743","742","0.52"
"744","743","0.48"
"745","744","0.62"
"746","745","0.46"
"747","746","0.47"
"748","747","0.34"
"749","748","0.47"
"750","749","0.49"
"751","750","0.38"
"752","751","0.45"
"753","752","0.39"
"754","753","0.3"
"755","754","0.41"
"756","755","0.57"
"757","756","0.46"
"758","757","0.43"
"759","758","0.42"
"760","759","0.29"
"761","760","0.44"
"762","761","0.43"
"763","762","0.51"
"764","763","0.38"
"765","764","0.45"
"766","765","0.46"
"767","766","0.44"
"768","767","0.43"
"769","768","0.43"
"770","769","0.43"
"771","770","0.46"
"772","771","0.57"
"773","772","0.42"
"774","773","0.53"
"775","774","0.39"
"776","775","0.46"
"777","776","0.43"
"778","777","0.53"
"779","778","0.56"
"780","779","0.5"
"781","780","0.49"
"782","781","0.44"
"783","782","0.44"
"784","783","0.37"
"785","784","0.48"
"786","785","0.47"
"787","786","0.49"
"788","787","0.39"
"789","788","0.47"
"790","789","0.52"
"791","790","0.44"
"792","791","0.41"
"793","792","0.47"
"794","793","0.56"
"795","794","0.43"
"796","795","0.5"
"797","796","0.5"
"798","797","0.42"
"799","798","0.51"
"800","799","0.37"
"801","800","0.48"
"802","801","0.5"
"803","802","0.51"
"804","803","0.5"
"805","804","0.53"
"806","805","0.52"
"807","806","0.53"
"808","807","0.36"
"809","808","0.54"
"810","809","0.47"
"811","810","0.59"
"812","811","0.37"
"813","812","0.51"
"814","813","0.41"
"815","814","0.47"
"816","815","0.47"
"817","816","0.48"
"818","817","0.35"
"819","818","0.52"
"820","819","0.49"
"821","820","0.46"
"822","821","0.54"
"823","822","0.51"
"824","823","0.44"
"825","824","0.46"
"826","825","0.41"
"827","826","0.53"
"828","827","0.5"
"829","828","0.48"
"830","829","0.41"
"831","830","0.43"
"832","831","0.5"
"833","832","0.46"
"834","833","0.32"
"835","834","0.56"
"836","835","0.42"
"837","836","0.56"
"838","837","0.54"
"839","838","0.45"
"840","839","0.47"
"841","840","0.46"
"842","841","0.44"
"843","842","0.52"
"844","843","0.47"
"845","844","0.5"
"846","845","0.47"
"847","846","0.51"
"848","847","0.55"
"849","848","0.53"
"850","849","0.55"
"851","850","0.43"
"852","851","0.43"
"853","852","0.33"
"854","853","0.54"
"855","854","0.46"
"856","855","0.54"
"857","856","0.53"
"858","857","0.47"
"859","858","0.48"
"860","859","0.45"
"861","860","0.5"
"862","861","0.54"
"863","862","0.41"
"864","863","0.41"
"865","864","0.41"
"866","865","0.46"
"867","866","0.4"
"868","867","0.58"
"869","868","0.46"
"870","869","0.47"
"871","870","0.48"
"872","871","0.34"
"873","872","0.47"
"874","873","0.41"
"875","874","0.42"
"876","875","0.39"
"877","876","0.53"
"878","877","0.45"
"879","878","0.37"
"880","879","0.45"
"881","880","0.42"
"882","881","0.52"
"883","882","0.45"
"884","883","0.49"
"885","884","0.55"
"886","885","0.57"
"887","886","0.41"
"888","887","0.49"
"889","888","0.59"
"890","889","0.4"
"891","890","0.56"
"892","891","0.55"
"893","892","0.5"
"894","893","0.4"
"895","894","0.46"
"896","895","0.34"
"897","896","0.45"
"898","897","0.42"
"899","898","0.47"
"900","899","0.46"
"901","900","0.39"
"902","901","0.46"
"903","902","0.44"
"904","903","0.51"
"905","904","0.42"
"906","905","0.37"
"907","906","0.38"
"908","907","0.52"
"909","908","0.47"
"910","909","0.52"
"911","910","0.49"
"912","911","0.37"
"913","912","0.45"
"914","913","0.44"
"915","914","0.44"
"916","915","0.45"
"917","916","0.43"
"918","917","0.52"
"919","918","0.39"
"920","919","0.49"
"921","920","0.41"
"922","921","0.49"
"923","922","0.4"
"924","923","0.44"
"925","924","0.42"
"926","925","0.51"
"927","926","0.51"
"928","927","0.4"
"929","928","0.44"
"930","929","0.43"
"931","930","0.37"
"932","931","0.46"
"933","932","0.42"
"934","933","0.35"
"935","934","0.47"
"936","935","0.47"
"937","936","0.53"
"938","937","0.43"
"939","938","0.51"
"940","939","0.51"
"941","940","0.42"
"942","941","0.46"
"943","942","0.5"
"944","943","0.53"
"945","944","0.43"
"946","945","0.42"
"947","946","0.52"
"948","947","0.49"
"949","948","0.37"
"950","949","0.55"
"951","950","0.39"
"952","951","0.35"
"953","952","0.5"
"954","953","0.57"
"955","954","0.44"
"956","955","0.53"
"957","956","0.52"
"958","957","0.43"
"959","958","0.44"
"960","959","0.43"
"961","960","0.3"
"962","961","0.58"
"963","962","0.51"
"964","963","0.53"
"965","964","0.5"
"966","965","0.43"
"967","966","0.46"
"968","967","0.6"
"969","968","0.4"
"970","969","0.47"
"971","970","0.45"
"972","971","0.49"
"973","972","0.4"
"974","973","0.56"
"975","974","0.37"
"976","975","0.47"
"977","976","0.51"
"978","977","0.31"
"979","978","0.46"
"980","979","0.44"
"981","980","0.5"
"982","981","0.5"
"983","982","0.46"
"984","983","0.41"
"985","984","0.39"
"986","985","0.38"
"987","986","0.48"
"988","987","0.44"
"989","988","0.54"
"990","989","0.44"
"991","990","0.51"
"992","991","0.46"
"993","992","0.49"
"994","993","0.42"
"995","994","0.39"
"996","995","0.47"
"997","996","0.47"
"998","997","0.46"
"999","998","0.57"
"1000","999","0.49"
"1001","1000","0.52"
"1002","1001","0.39"
"1003","1002","0.4"
"1004","1003","0.43"
"1005","1004","0.47"
"1006","1005","0.51"
"1007","1006","0.45"
"1008","1007","0.48"
"1009","1008","0.36"
"1010","1009","0.38"
"1011","1010","0.51"
"1012","1011","0.36"
"1013","1012","0.43"
"1014","1013","0.47"
"1015","1014","0.49"
"1016","1015","0.43"
"1017","1016","0.48"
"1018","1017","0.35"
"1019","1018","0.35"
"1020","1019","0.52"
"1021","1020","0.48"
"1022","1021","0.41"
"1023","1022","0.43"
"1024","1023","0.47"
"1025","1024","0.47"
"1026","1025","0.48"
"1027","1026","0.46"
"1028","1027","0.4"
"1029","1028","0.52"
"1030","1029","0.45"
"1031","1030","0.36"
"1032","1031","0.59"
"1033","1032","0.44"
"1034","1033","0.44"
"1035","1034","0.54"
"1036","1035","0.49"
"1037","1036","0.37"
"1038","1037","0.47"
"1039","1038","0.53"
"1040","1039","0.43"
"1041","1040","0.4"
"1042","1041","0.46"
"1043","1042","0.48"
"1044","1043","0.5"
"1045","1044","0.48"
"1046","1045","0.47"
"1047","1046","0.36"
"1048","1047","0.47"
"1049","1048","0.42"
"1050","1049","0.34"
"1051","1050","0.51"
"1052","1051","0.51"
"1053","1052","0.37"
"1054","1053","0.49"
"1055","1054","0.34"
"1056","1055","0.49"
"1057","1056","0.49"
"1058","1057","0.37"
"1059","1058","0.41"
"1060","1059","0.45"
"1061","1060","0.32"
"1062","1061","0.45"
"1063","1062","0.41"
"1064","1063","0.37"
"1065","1064","0.45"
"1066","1065","0.53"
"1067","1066","0.52"
"1068","1067","0.32"
"1069","1068","0.43"
"1070","1069","0.51"
"1071","1070","0.3"
"1072","1071","0.6"
"1073","1072","0.46"
"1074","1073","0.43"
"1075","1074","0.41"
"1076","1075","0.36"
"1077","1076","0.4"
"1078","1077","0.42"
"1079","1078","0.5"
"1080","1079","0.43"
"1081","1080","0.39"
"1082","1081","0.44"
"1083","1082","0.37"
"1084","1083","0.46"
"1085","1084","0.43"
"1086","1085","0.54"
"1087","1086","0.46"
"1088","1087","0.49"
"1089","1088","0.42"
"1090","1089","0.42"
"1091","1090","0.39"
"1092","1091","0.42"
"1093","1092","0.43"
"1094","1093","0.5"
"1095","1094","0.35"
"1096","1095","0.36"
"1097","1096","0.45"
"1098","1097","0.4"
"1099","1098","0.44"
"1100","1099","0.4"
"1101","1100","0.47"
"1102","1101","0.38"
"1103","1102","0.42"
"1104","1103","0.43"
"1105","1104","0.4"
"1106","1105","0.39"
"1107","1106","0.45"
"1108","1107","0.36"
"1109","1108","0.47"
"1110","1109","0.46"
"1111","1110","0.39"
"1112","1111","0.4"
"1113","1112","0.37"
"1114","1113","0.48"
"1115","1114","0.45"
"1116","1115","0.39"
"1117","1116","0.47"
"1118","1117","0.29"
"1119","1118","0.38"
"1120","1119","0.42"
"1121","1120","0.49"
"1122","1121","0.53"
"1123","1122","0.39"
"1124","1123","0.5"
"1125","1124","0.34"
"1126","1125","0.45"
"1127","1126","0.44"
"1128","1127","0.46"
"1129","1128","0.47"
"1130","1129","0.37"
"1131","1130","0.48"
"1132","1131","0.34"
"1133","1132","0.44"
"1134","1133","0.49"
"1135","1134","0.43"
"1136","1135","0.41"
"1137","1136","0.55"
"1138","1137","0.32"
"1139","1138","0.54"
"1140","1139","0.49"
"1141","1140","0.55"
"1142","1141","0.56"
"1143","1142","0.53"
"1144","1143","0.36"
"1145","1144","0.51"
"1146","1145","0.49"
"1147","1146","0.41"
"1148","1147","0.39"
"1149","1148","0.58"
"1150","1149","0.46"
"1151","1150","0.52"
"1152","1151","0.49"
"1153","1152","0.45"
"1154","1153","0.44"
"1155","1154","0.5"
"1156","1155","0.45"
"1157","1156","0.48"
"1158","1157","0.55"
"1159","1158","0.42"
"1160","1159","0.56"
"1161","1160","0.45"
"1162","1161","0.49"
"1163","1162","0.45"
"1164","1163","0.5"
"1165","1164","0.38"
"1166","1165","0.48"
"1167","1166","0.42"
"1168","1167","0.46"
"1169","1168","0.49"
"1170","1169","0.52"
"1171","1170","0.53"
"1172","1171","0.41"
"1173","1172","0.47"
"1174","1173","0.54"
"1175","1174","0.45"
"1176","1175","0.44"
"1177","1176","0.42"
"1178","1177","0.37"
"1179","1178","0.53"
"1180","1179","0.31"
"1181","1180","0.42"
"1182","1181","0.43"
"1183","1182","0.42"
"1184","1183","0.4"
"1185","1184","0.41"
"1186","1185","0.49"
"1187","1186","0.39"
"1188","1187","0.4"
"1189","1188","0.48"
"1190","1189","0.42"
"1191","1190","0.46"
"1192","1191","0.55"
"1193","1192","0.49"
"1194","1193","0.58"
"1195","1194","0.44"
"1196","1195","0.51"
"1197","1196","0.45"
"1198","1197","0.45"
"1199","1198","0.46"
"1200","1199","0.48"
"1201","1200","0.44"
"1202","1201","0.44"
"1203","1202","0.42"
"1204","1203","0.42"
"1205","1204","0.41"
"1206","1205","0.44"
"1207","1206","0.38"
"1208","1207","0.54"
"1209","1208","0.42"
"1210","1209","0.42"
"1211","1210","0.38"
"1212","1211","0.38"
"1213","1212","0.52"
"1214","1213","0.48"
"1215","1214","0.44"
"1216","1215","0.56"
"1217","1216","0.46"
"1218","1217","0.52"
"1219","1218","0.46"
"1220","1219","0.37"
"1221","1220","0.41"
"1222","1221","0.39"
"1223","1222","0.33"
"1224","1223","0.37"
"1225","1224","0.44"
"1226","1225","0.5"
"1227","1226","0.38"
"1228","1227","0.38"
"1229","1228","0.47"
"1230","1229","0.44"
"1231","1230","0.46"
"1232","1231","0.39"
"1233","1232","0.4"
"1234","1233","0.51"
"1235","1234","0.44"
"1236","1235","0.46"
"1237","1236","0.36"
"1238","1237","0.47"
"1239","1238","0.49"
"1240","1239","0.47"
"1241","1240","0.43"
"1242","1241","0.48"
"1243","1242","0.5"
"1244","1243","0.49"
"1245","1244","0.41"
"1246","1245","0.36"
"1247","1246","0.52"
"1248","1247","0.41"
"1249","1248","0.45"
"1250","1249","0.5"
"1251","1250","0.44"
"1252","1251","0.41"
"1253","1252","0.5"
"1254","1253","0.4"
"1255","1254","0.48"
"1256","1255","0.47"
"1257","1256","0.43"
"1258","1257","0.48"
"1259","1258","0.39"
"1260","1259","0.44"
"1261","1260","0.49"
"1262","1261","0.51"
"1263","1262","0.41"
"1264","1263","0.41"
"1265","1264","0.35"
"1266","1265","0.53"
"1267","1266","0.43"
"1268","1267","0.38"
"1269","1268","0.42"
"1270","1269","0.45"
"1271","1270","0.45"
"1272","1271","0.48"
"1273","1272","0.6"
"1274","1273","0.41"
"1275","1274","0.43"
"1276","1275","0.51"
"1277","1276","0.48"
"1278","1277","0.43"
"1279","1278","0.37"
"1280","1279","0.56"
"1281","1280","0.54"
"1282","1281","0.53"
"1283","1282","0.5"
"1284","1283","0.46"
"1285","1284","0.5"
"1286","1285","0.52"
"1287","1286","0.52"
"1288","1287","0.42"
"1289","1288","0.45"
"1290","1289","0.4"
"1291","1290","0.42"
"1292","1291","0.52"
"1293","1292","0.41"
"1294","1293","0.53"
"1295","1294","0.37"
"1296","1295","0.36"
"1297","1296","0.42"
"1298","1297","0.46"
"1299","1298","0.5"
"1300","1299","0.56"
"1301","1300","0.48"
"1302","1301","0.36"
"1303","1302","0.58"
"1304","1303","0.58"
"1305","1304","0.44"
"1306","1305","0.53"
"1307","1306","0.45"
"1308","1307","0.47"
"1309","1308","0.5"
"1310","1309","0.48"
"1311","1310","0.29"
"1312","1311","0.47"
"1313","1312","0.42"
"1314","1313","0.5"
"1315","1314","0.52"
"1316","1315","0.56"
"1317","1316","0.57"
"1318","1317","0.35"
"1319","1318","0.41"
"1320","1319","0.42"
"1321","1320","0.47"
"1322","1321","0.51"
"1323","1322","0.49"
"1324","1323","0.46"
"1325","1324","0.39"
"1326","1325","0.5"
"1327","1326","0.55"
"1328","1327","0.5"
"1329","1328","0.37"
"1330","1329","0.53"
"1331","1330","0.48"
"1332","1331","0.33"
"1333","1332","0.56"
"1334","1333","0.36"
"1335","1334","0.59"
"1336","1335","0.48"
"1337","1336","0.49"
"1338","1337","0.56"
"1339","1338","0.44"
"1340","1339","0.5"
"1341","1340","0.46"
"1342","1341","0.49"
"1343","1342","0.52"
"1344","1343","0.47"
"1345","1344","0.34"
"1346","1345","0.49"
"1347","1346","0.41"
"1348","1347","0.51"
"1349","1348","0.49"
"1350","1349","0.38"
"1351","1350","0.59"
"1352","1351","0.49"
"1353","1352","0.44"
"1354","1353","0.45"
"1355","1354","0.52"
"1356","1355","0.55"
"1357","1356","0.51"
"1358","1357","0.54"
"1359","1358","0.46"
"1360","1359","0.29"
"1361","1360","0.4"
"1362","1361","0.38"
"1363","1362","0.42"
"1364","1363","0.47"
"1365","1364","0.46"
"1366","1365","0.49"
"1367","1366","0.5"
"1368","1367","0.46"
"1369","1368","0.52"
"1370","1369","0.47"
"1371","1370","0.5"
"1372","1371","0.38"
"1373","1372","0.52"
"1374","1373","0.45"
"1375","1374","0.38"
"1376","1375","0.44"
"1377","1376","0.45"
"1378","1377","0.41"
"1379","1378","0.48"
"1380","1379","0.36"
"1381","1380","0.47"
"1382","1381","0.42"
"1383","1382","0.41"
"1384","1383","0.51"
"1385","1384","0.61"
"1386","1385","0.46"
"1387","1386","0.37"
"1388","1387","0.51"
"1389","1388","0.45"
"1390","1389","0.56"
"1391","1390","0.46"
"1392","1391","0.3"
"1393","1392","0.42"
"1394","1393","0.6"
"1395","1394","0.52"
"1396","1395","0.43"
"1397","1396","0.48"
"1398","1397","0.41"
"1399","1398","0.34"
"1400","1399","0.37"
"1401","1400","0.44"
"1402","1401","0.44"
"1403","1402","0.45"
"1404","1403","0.47"
"1405","1404","0.51"
"1406","1405","0.41"
"1407","1406","0.42"
"1408","1407","0.49"
"1409","1408","0.41"
"1410","1409","0.51"
"1411","1410","0.44"
"1412","1411","0.49"
"1413","1412","0.45"
"1414","1413","0.48"
"1415","1414","0.42"
"1416","1415","0.4"
"1417","1416","0.49"
"1418","1417","0.49"
"1419","1418","0.37"
"1420","1419","0.55"
"1421","1420","0.47"
"1422","1421","0.45"
"1423","1422","0.42"
"1424","1423","0.4"
"1425","1424","0.45"
"1426","1425","0.54"
"1427","1426","0.36"
"1428","1427","0.43"
"1429","1428","0.57"
"1430","1429","0.49"
"1431","1430","0.39"
"1432","1431","0.44"
"1433","1432","0.49"
"1434","1433","0.42"
"1435","1434","0.5"
"1436","1435","0.41"
"1437","1436","0.37"
"1438","1437","0.41"
"1439","1438","0.35"
"1440","1439","0.48"
"1441","1440","0.42"
"1442","1441","0.47"
"1443","1442","0.51"
"1444","1443","0.53"
"1445","1444","0.4"
"1446","1445","0.44"
"1447","1446","0.32"
"1448","1447","0.37"
"1449","1448","0.5"
"1450","1449","0.43"
"1451","1450","0.37"
"1452","1451","0.39"
"1453","1452","0.55"
"1454","1453","0.46"
"1455","1454","0.49"
"1456","1455","0.42"
"1457","1456","0.39"
"1458","1457","0.47"
"1459","1458","0.48"
"1460","1459","0.4"
"1461","1460","0.54"
"1462","1461","0.47"
"1463","1462","0.5"
"1464","1463","0.44"
"1465","1464","0.47"
"1466","1465","0.42"
"1467","1466","0.44"
"1468","1467","0.48"
"1469","1468","0.52"
"1470","1469","0.45"
"1471","1470","0.52"
"1472","1471","0.44"
"1473","1472","0.42"
"1474","1473","0.29"
"1475","1474","0.58"
"1476","1475","0.3"
"1477","1476","0.52"
"1478","1477","0.48"
"1479","1478","0.36"
"1480","1479","0.49"
"1481","1480","0.43"
"1482","1481","0.5"
"1483","1482","0.34"
"1484","1483","0.44"
"1485","1484","0.5"
"1486","1485","0.39"
"1487","1486","0.44"
"1488","1487","0.43"
"1489","1488","0.48"
"1490","1489","0.37"
"1491","1490","0.4"
"1492","1491","0.54"
"1493","1492","0.49"
"1494","1493","0.43"
"1495","1494","0.4"
"1496","1495","0.47"
"1497","1496","0.42"
"1498","1497","0.36"
"1499","1498","0.46"
"1500","1499","0.39"
"1501","1500","0.55"
"1502","1501","0.49"
"1503","1502","0.49"
"1504","1503","0.52"
"1505","1504","0.45"
"1506","1505","0.4"
"1507","1506","0.44"
"1508","1507","0.4"
"1509","1508","0.48"
"1510","1509","0.45"
"1511","1510","0.47"
"1512","1511","0.46"
"1513","1512","0.41"
"1514","1513","0.41"
"1515","1514","0.26"
"1516","1515","0.4"
"1517","1516","0.41"
"1518","1517","0.45"
"1519","1518","0.41"
"1520","1519","0.46"
"1521","1520","0.51"
"1522","1521","0.45"
"1523","1522","0.42"
"1524","1523","0.37"
"1525","1524","0.48"
"1526","1525","0.42"
"1527","1526","0.47"
"1528","1527","0.46"
"1529","1528","0.5"
"1530","1529","0.37"
"1531","1530","0.5"
"1532","1531","0.52"
"1533","1532","0.41"
"1534","1533","0.38"
"1535","1534","0.41"
"1536","1535","0.5"
"1537","1536","0.44"
"1538","1537","0.37"
"1539","1538","0.41"
"1540","1539","0.55"
"1541","1540","0.38"
"1542","1541","0.48"
"1543","1542","0.42"
"1544","1543","0.49"
"1545","1544","0.43"
"1546","1545","0.46"
"1547","1546","0.45"
"1548","1547","0.5"
"1549","1548","0.48"
"1550","1549","0.47"
"1551","1550","0.48"
"1552","1551","0.38"
"1553","1552","0.36"
"1554","1553","0.43"
"1555","1554","0.42"
"1556","1555","0.47"
"1557","1556","0.42"
"1558","1557","0.42"
"1559","1558","0.46"
"1560","1559","0.44"
"1561","1560","0.48"
"1562","1561","0.39"
"1563","1562","0.38"
"1564","1563","0.36"
"1565","1564","0.44"
"1566","1565","0.55"
"1567","1566","0.49"
"1568","1567","0.48"
"1569","1568","0.49"
"1570","1569","0.42"
"1571","1570","0.39"
"1572","1571","0.49"
"1573","1572","0.41"
"1574","1573","0.44"
"1575","1574","0.41"
"1576","1575","0.35"
"1577","1576","0.6"
"1578","1577","0.36"
"1579","1578","0.36"
"1580","1579","0.49"
"1581","1580","0.31"
"1582","1581","0.48"
"1583","1582","0.47"
"1584","1583","0.38"
"1585","1584","0.41"
"1586","1585","0.46"
"1587","1586","0.45"
"1588","1587","0.59"
"1589","1588","0.46"
"1590","1589","0.45"
"1591","1590","0.46"
"1592","1591","0.43"
"1593","1592","0.51"
"1594","1593","0.43"
"1595","1594","0.45"
"1596","1595","0.45"
"1597","1596","0.49"
"1598","1597","0.42"
"1599","1598","0.52"
"1600","1599","0.51"
"1601","1600","0.47"
"1602","1601","0.36"
"1603","1602","0.44"
"1604","1603","0.49"
"1605","1604","0.64"
"1606","1605","0.43"
"1607","1606","0.43"
"1608","1607","0.42"
"1609","1608","0.38"
"1610","1609","0.48"
"1611","1610","0.49"
"1612","1611","0.51"
"1613","1612","0.46"
"1614","1613","0.51"
"1615","1614","0.52"
"1616","1615","0.44"
"1617","1616","0.57"
"1618","1617","0.45"
"1619","1618","0.49"
"1620","1619","0.45"
"1621","1620","0.37"
"1622","1621","0.49"
"1623","1622","0.41"
"1624","1623","0.5"
"1625","1624","0.39"
"1626","1625","0.43"
"1627","1626","0.46"
"1628","1627","0.3"
"1629","1628","0.44"
"1630","1629","0.56"
"1631","1630","0.29"
"1632","1631","0.46"
"1633","1632","0.44"
"1634","1633","0.43"
"1635","1634","0.46"
"1636","1635","0.38"
"1637","1636","0.58"
"1638","1637","0.43"
"1639","1638","0.44"
"1640","1639","0.42"
"1641","1640","0.46"
"1642","1641","0.43"
"1643","1642","0.41"
"1644","1643","0.49"
"1645","1644","0.47"
"1646","1645","0.47"
"1647","1646","0.47"
"1648","1647","0.37"
"1649","1648","0.52"
"1650","1649","0.56"
"1651","1650","0.45"
"1652","1651","0.48"
"1653","1652","0.58"
"1654","1653","0.43"
"1655","1654","0.51"
"1656","1655","0.48"
"1657","1656","0.45"
"1658","1657","0.41"
"1659","1658","0.43"
"1660","1659","0.47"
"1661","1660","0.52"
"1662","1661","0.47"
"1663","1662","0.46"
"1664","1663","0.41"
"1665","1664","0.47"
"1666","1665","0.49"
"1667","1666","0.56"
"1668","1667","0.41"
"1669","1668","0.5"
"1670","1669","0.35"
"1671","1670","0.35"
"1672","1671","0.43"
"1673","1672","0.45"
"1674","1673","0.46"
"1675","1674","0.52"
"1676","1675","0.31"
"1677","1676","0.4"
"1678","1677","0.48"
"1679","1678","0.45"
"1680","1679","0.59"
"1681","1680","0.57"
"1682","1681","0.51"
"1683","1682","0.39"
"1684","1683","0.49"
"1685","1684","0.44"
"1686","1685","0.57"
"1687","1686","0.43"
"1688","1687","0.47"
"1689","1688","0.41"
"1690","1689","0.46"
"1691","1690","0.46"
"1692","1691","0.35"
"1693","1692","0.46"
"1694","1693","0.54"
"1695","1694","0.41"
"1696","1695","0.49"
"1697","1696","0.43"
"1698","1697","0.48"
"1699","1698","0.46"
"1700","1699","0.45"
"1701","1700","0.53"
"1702","1701","0.51"
"1703","1702","0.46"
"1704","1703","0.39"
"1705","1704","0.33"
"1706","1705","0.55"
"1707","1706","0.38"
"1708","1707","0.54"
"1709","1708","0.56"
"1710","1709","0.53"
"1711","1710","0.42"
"1712","1711","0.49"
"1713","1712","0.38"
"1714","1713","0.49"
"1715","1714","0.59"
"1716","1715","0.41"
"1717","1716","0.41"
"1718","1717","0.44"
"1719","1718","0.49"
"1720","1719","0.42"
"1721","1720","0.45"
"1722","1721","0.57"
"1723","1722","0.42"
"1724","1723","0.34"
"1725","1724","0.38"
"1726","1725","0.38"
"1727","1726","0.38"
"1728","1727","0.32"
"1729","1728","0.45"
"1730","1729","0.59"
"1731","1730","0.53"
"1732","1731","0.5"
"1733","1732","0.58"
"1734","1733","0.44"
"1735","1734","0.49"
"1736","1735","0.47"
"1737","1736","0.48"
"1738","1737","0.54"
"1739","1738","0.52"
"1740","1739","0.45"
"1741","1740","0.36"
"1742","1741","0.48"
"1743","1742","0.36"
"1744","1743","0.43"
"1745","1744","0.4"
"1746","1745","0.47"
"1747","1746","0.49"
"1748","1747","0.47"
"1749","1748","0.5"
"1750","1749","0.4"
"1751","1750","0.44"
"1752","1751","0.41"
"1753","1752","0.45"
"1754","1753","0.57"
"1755","1754","0.4"
"1756","1755","0.45"
"1757","1756","0.47"
"1758","1757","0.49"
"1759","1758","0.44"
"1760","1759","0.47"
"1761","1760","0.4"
"1762","1761","0.35"
"1763","1762","0.56"
"1764","1763","0.42"
"1765","1764","0.43"
"1766","1765","0.47"
"1767","1766","0.52"
"1768","1767","0.43"
"1769","1768","0.46"
"1770","1769","0.4"
"1771","1770","0.35"
"1772","1771","0.42"
"1773","1772","0.44"
"1774","1773","0.46"
"1775","1774","0.56"
"1776","1775","0.44"
"1777","1776","0.31"
"1778","1777","0.39"
"1779","1778","0.45"
"1780","1779","0.47"
"1781","1780","0.59"
"1782","1781","0.5"
"1783","1782","0.44"
"1784","1783","0.45"
"1785","1784","0.42"
"1786","1785","0.44"
"1787","1786","0.41"
"1788","1787","0.39"
"1789","1788","0.55"
"1790","1789","0.5"
"1791","1790","0.53"
"1792","1791","0.49"
"1793","1792","0.51"
"1794","1793","0.35"
"1795","1794","0.41"
"1796","1795","0.4"
"1797","1796","0.49"
"1798","1797","0.37"
"1799","1798","0.42"
"1800","1799","0.49"
"1801","1800","0.38"
"1802","1801","0.4"
"1803","1802","0.6"
"1804","1803","0.3"
"1805","1804","0.55"
"1806","1805","0.45"
"1807","1806","0.45"
"1808","1807","0.32"
"1809","1808","0.41"
"1810","1809","0.53"
"1811","1810","0.48"
"1812","1811","0.42"
"1813","1812","0.31"
"1814","1813","0.45"
"1815","1814","0.41"
"1816","1815","0.65"
"1817","1816","0.44"
"1818","1817","0.35"
"1819","1818","0.32"
"1820","1819","0.44"
"1821","1820","0.47"
"1822","1821","0.5"
"1823","1822","0.37"
"1824","1823","0.41"
"1825","1824","0.49"
"1826","1825","0.41"
"1827","1826","0.58"
"1828","1827","0.48"
"1829","1828","0.45"
"1830","1829","0.36"
"1831","1830","0.4"
"1832","1831","0.5"
"1833","1832","0.35"
"1834","1833","0.41"
"1835","1834","0.39"
"1836","1835","0.45"
"1837","1836","0.46"
"1838","1837","0.49"
"1839","1838","0.38"
"1840","1839","0.5"
"1841","1840","0.52"
"1842","1841","0.47"
"1843","1842","0.4"
"1844","1843","0.41"
"1845","1844","0.4"
"1846","1845","0.52"
"1847","1846","0.44"
"1848","1847","0.51"
"1849","1848","0.66"
"1850","1849","0.4"
"1851","1850","0.59"
"1852","1851","0.42"
"1853","1852","0.52"
"1854","1853","0.45"
"1855","1854","0.44"
"1856","1855","0.51"
"1857","1856","0.5"
"1858","1857","0.49"
"1859","1858","0.43"
"1860","1859","0.55"
"1861","1860","0.48"
"1862","1861","0.51"
"1863","1862","0.54"
"1864","1863","0.36"
"1865","1864","0.55"
"1866","1865","0.4"
"1867","1866","0.39"
"1868","1867","0.55"
"1869","1868","0.45"
"1870","1869","0.49"
"1871","1870","0.42"
"1872","1871","0.29"
"1873","1872","0.38"
"1874","1873","0.4"
"1875","1874","0.42"
"1876","1875","0.46"
"1877","1876","0.56"
"1878","1877","0.58"
"1879","1878","0.5"
"1880","1879","0.28"
"1881","1880","0.39"
"1882","1881","0.46"
"1883","1882","0.44"
"1884","1883","0.53"
"1885","1884","0.54"
"1886","1885","0.45"
"1887","1886","0.49"
"1888","1887","0.46"
"1889","1888","0.49"
"1890","1889","0.52"
"1891","1890","0.45"
"1892","1891","0.46"
"1893","1892","0.42"
"1894","1893","0.48"
"1895","1894","0.37"
"1896","1895","0.53"
"1897","1896","0.39"
"1898","1897","0.36"
"1899","1898","0.47"
"1900","1899","0.37"
"1901","1900","0.57"
"1902","1901","0.35"
"1903","1902","0.55"
"1904","1903","0.49"
"1905","1904","0.41"
"1906","1905","0.44"
"1907","1906","0.52"
"1908","1907","0.58"
"1909","1908","0.47"
"1910","1909","0.53"
"1911","1910","0.52"
"1912","1911","0.45"
"1913","1912","0.48"
"1914","1913","0.5"
"1915","1914","0.48"
"1916","1915","0.37"
"1917","1916","0.27"
"1918","1917","0.42"
"1919","1918","0.54"
"1920","1919","0.44"
"1921","1920","0.44"
"1922","1921","0.35"
"1923","1922","0.49"
"1924","1923","0.38"
"1925","1924","0.5"
"1926","1925","0.44"
"1927","1926","0.35"
"1928","1927","0.49"
"1929","1928","0.52"
"1930","1929","0.53"
"1931","1930","0.35"
"1932","1931","0.43"
"1933","1932","0.4"
"1934","1933","0.42"
"1935","1934","0.27"
"1936","1935","0.38"
"1937","1936","0.36"
"1938","1937","0.45"
"1939","1938","0.53"
"1940","1939","0.49"
"1941","1940","0.41"
"1942","1941","0.37"
"1943","1942","0.45"
"1944","1943","0.4"
"1945","1944","0.51"
"1946","1945","0.46"
"1947","1946","0.42"
"1948","1947","0.43"
"1949","1948","0.37"
"1950","1949","0.41"
"1951","1950","0.46"
"1952","1951","0.51"
"1953","1952","0.33"
"1954","1953","0.4"
"1955","1954","0.55"
"1956","1955","0.53"
"1957","1956","0.41"
"1958","1957","0.37"
"1959","1958","0.47"
"1960","1959","0.39"
"1961","1960","0.55"
"1962","1961","0.49"
"1963","1962","0.42"
"1964","1963","0.37"
"1965","1964","0.51"
"1966","1965","0.49"
"1967","1966","0.54"
"1968","1967","0.51"
"1969","1968","0.42"
"1970","1969","0.49"
"1971","1970","0.51"
"1972","1971","0.51"
"1973","1972","0.42"
"1974","1973","0.51"
"1975","1974","0.44"
"1976","1975","0.4"
"1977","1976","0.4"
"1978","1977","0.46"
"1979","1978","0.52"
"1980","1979","0.4"
"1981","1980","0.33"
"1982","1981","0.54"
"1983","1982","0.54"
"1984","1983","0.45"
"1985","1984","0.44"
"1986","1985","0.54"
"1987","1986","0.48"
"1988","1987","0.45"
"1989","1988","0.58"
"1990","1989","0.46"
"1991","1990","0.51"
"1992","1991","0.36"
"1993","1992","0.46"
"1994","1993","0.35"
"1995","1994","0.37"
"1996","1995","0.36"
"1997","1996","0.43"
"1998","1997","0.54"
"1999","1998","0.58"
"2000","1999","0.53"
"2001","2000","0.46"
"2002","2001","0.36"
"2003","2002","0.54"
"2004","2003","0.49"
"2005","2004","0.46"
"2006","2005","0.46"
"2007","2006","0.5"
"2008","2007","0.38"
"2009","2008","0.47"
"2010","2009","0.46"
"2011","2010","0.5"
"2012","2011","0.48"
"2013","2012","0.39"
"2014","2013","0.49"
"2015","2014","0.38"
"2016","2015","0.41"
"2017","2016","0.42"
"2018","2017","0.35"
"2019","2018","0.5"
"2020","2019","0.52"
"2021","2020","0.43"
"2022","2021","0.4"
"2023","2022","0.45"
"2024","2023","0.42"
"2025","2024","0.44"
"2026","2025","0.51"
"2027","2026","0.44"
"2028","2027","0.53"
"2029","2028","0.41"
"2030","2029","0.59"
"2031","2030","0.35"
"2032","2031","0.43"
"2033","2032","0.44"
"2034","2033","0.57"
"2035","2034","0.54"
"2036","2035","0.46"
"2037","2036","0.31"
"2038","2037","0.42"
"2039","2038","0.51"
"2040","2039","0.44"
"2041","2040","0.44"
"2042","2041","0.43"
"2043","2042","0.47"
"2044","2043","0.51"
"2045","2044","0.47"
"2046","2045","0.38"
"2047","2046","0.45"
"2048","2047","0.46"
"2049","2048","0.55"
"2050","2049","0.51"
"2051","2050","0.32"
"2052","2051","0.36"
"2053","2052","0.42"
"2054","2053","0.55"
"2055","2054","0.51"
"2056","2055","0.47"
"2057","2056","0.38"
"2058","2057","0.53"
"2059","2058","0.51"
"2060","2059","0.48"
"2061","2060","0.4"
"2062","2061","0.55"
"2063","2062","0.5"
"2064","2063","0.42"
"2065","2064","0.46"
"2066","2065","0.46"
"2067","2066","0.39"
"2068","2067","0.46"
"2069","2068","0.49"
"2070","2069","0.39"
"2071","2070","0.46"
"2072","2071","0.46"
"2073","2072","0.54"
"2074","2073","0.5"
"2075","2074","0.4"
"2076","2075","0.38"
"2077","2076","0.48"
"2078","2077","0.56"
"2079","2078","0.5"
"2080","2079","0.44"
"2081","2080","0.44"
"2082","2081","0.46"
"2083","2082","0.45"
"2084","2083","0.48"
"2085","2084","0.52"
"2086","2085","0.47"
"2087","2086","0.41"
"2088","2087","0.46"
"2089","2088","0.35"
"2090","2089","0.48"
"2091","2090","0.41"
"2092","2091","0.54"
"2093","2092","0.5"
"2094","2093","0.41"
"2095","2094","0.53"
"2096","2095","0.42"
"2097","2096","0.38"
"2098","2097","0.48"
"2099","2098","0.37"
"2100","2099","0.37"
"2101","2100","0.53"
"2102","2101","0.52"
"2103","2102","0.51"
"2104","2103","0.44"
"2105","2104","0.45"
"2106","2105","0.42"
"2107","2106","0.46"
"2108","2107","0.51"
"2109","2108","0.39"
"2110","2109","0.46"
"2111","2110","0.39"
"2112","2111","0.31"
"2113","2112","0.54"
"2114","2113","0.41"
"2115","2114","0.53"
"2116","2115","0.53"
"2117","2116","0.47"
"2118","2117","0.48"
"2119","2118","0.44"
"2120","2119","0.41"
"2121","2120","0.38"
"2122","2121","0.43"
"2123","2122","0.4"
"2124","2123","0.41"
"2125","2124","0.52"
"2126","2125","0.43"
"2127","2126","0.39"
"2128","2127","0.3"
"2129","2128","0.45"
"2130","2129","0.46"
"2131","2130","0.43"
"2132","2131","0.46"
"2133","2132","0.39"
"2134","2133","0.4"
"2135","2134","0.39"
"2136","2135","0.44"
"2137","2136","0.38"
"2138","2137","0.42"
"2139","2138","0.36"
"2140","2139","0.45"
"2141","2140","0.49"
"2142","2141","0.49"
"2143","2142","0.35"
"2144","2143","0.57"
"2145","2144","0.53"
"2146","2145","0.4"
"2147","2146","0.46"
"2148","2147","0.4"
"2149","2148","0.52"
"2150","2149","0.57"
"2151","2150","0.45"
"2152","2151","0.45"
"2153","2152","0.45"
"2154","2153","0.46"
"2155","2154","0.41"
"2156","2155","0.39"
"2157","2156","0.45"
"2158","2157","0.37"
"2159","2158","0.42"
"2160","2159","0.35"
"2161","2160","0.46"
"2162","2161","0.4"
"2163","2162","0.42"
"2164","2163","0.44"
"2165","2164","0.5"
"2166","2165","0.53"
"2167","2166","0.55"
"2168","2167","0.47"
"2169","2168","0.53"
"2170","2169","0.35"
"2171","2170","0.4"
"2172","2171","0.51"
"2173","2172","0.49"
"2174","2173","0.47"
"2175","2174","0.48"
"2176","2175","0.44"
"2177","2176","0.43"
"2178","2177","0.49"
"2179","2178","0.46"
"2180","2179","0.47"
"2181","2180","0.55"
"2182","2181","0.36"
"2183","2182","0.36"
"2184","2183","0.48"
"2185","2184","0.57"
"2186","2185","0.49"
"2187","2186","0.37"
"2188","2187","0.42"
"2189","2188","0.44"
"2190","2189","0.5"
"2191","2190","0.47"
"2192","2191","0.41"
"2193","2192","0.42"
"2194","2193","0.51"
"2195","2194","0.51"
"2196","2195","0.42"
"2197","2196","0.46"
"2198","2197","0.46"
"2199","2198","0.47"
"2200","2199","0.44"
"2201","2200","0.42"
"2202","2201","0.47"
"2203","2202","0.51"
"2204","2203","0.45"
"2205","2204","0.46"
"2206","2205","0.49"
"2207","2206","0.41"
"2208","2207","0.39"
"2209","2208","0.44"
"2210","2209","0.54"
"2211","2210","0.43"
"2212","2211","0.38"
"2213","2212","0.4"
"2214","2213","0.5"
"2215","2214","0.44"
"2216","2215","0.42"
"2217","2216","0.52"
"2218","2217","0.42"
"2219","2218","0.54"
"2220","2219","0.47"
"2221","2220","0.4"
"2222","2221","0.44"
"2223","2222","0.42"
"2224","2223","0.4"
"2225","2224","0.55"
"2226","2225","0.31"
"2227","2226","0.38"
"2228","2227","0.38"
"2229","2228","0.38"
"2230","2229","0.4"
"2231","2230","0.52"
"2232","2231","0.5"
"2233","2232","0.47"
"2234","2233","0.58"
"2235","2234","0.48"
"2236","2235","0.51"
"2237","2236","0.41"
"2238","2237","0.4"
"2239","2238","0.51"
"2240","2239","0.4"
"2241","2240","0.4"
"2242","2241","0.42"
"2243","2242","0.49"
"2244","2243","0.46"
"2245","2244","0.39"
"2246","2245","0.4"
"2247","2246","0.44"
"2248","2247","0.34"
"2249","2248","0.33"
"2250","2249","0.46"
"2251","2250","0.46"
"2252","2251","0.38"
"2253","2252","0.47"
"2254","2253","0.47"
"2255","2254","0.52"
"2256","2255","0.3"
"2257","2256","0.48"
"2258","2257","0.33"
"2259","2258","0.51"
"2260","2259","0.54"
"2261","2260","0.48"
"2262","2261","0.43"
"2263","2262","0.45"
"2264","2263","0.5"
"2265","2264","0.49"
"2266","2265","0.45"
"2267","2266","0.34"
"2268","2267","0.45"
"2269","2268","0.49"
"2270","2269","0.35"
"2271","2270","0.35"
"2272","2271","0.4"
"2273","2272","0.37"
"2274","2273","0.45"
"2275","2274","0.36"
"2276","2275","0.51"
"2277","2276","0.44"
"2278","2277","0.5"
"2279","2278","0.38"
"2280","2279","0.37"
"2281","2280","0.52"
"2282","2281","0.46"
"2283","2282","0.55"
"2284","2283","0.53"
"2285","2284","0.45"
"2286","2285","0.39"
"2287","2286","0.43"
"2288","2287","0.38"
"2289","2288","0.4"
"2290","2289","0.51"
"2291","2290","0.41"
"2292","2291","0.5"
"2293","2292","0.45"
"2294","2293","0.46"
"2295","2294","0.43"
"2296","2295","0.53"
"2297","2296","0.32"
"2298","2297","0.48"
"2299","2298","0.36"
"2300","2299","0.39"
"2301","2300","0.39"
"2302","2301","0.48"
"2303","2302","0.56"
"2304","2303","0.54"
"2305","2304","0.49"
"2306","2305","0.31"
"2307","2306","0.38"
"2308","2307","0.4"
"2309","2308","0.43"
"2310","2309","0.52"
"2311","2310","0.42"
"2312","2311","0.51"
"2313","2312","0.37"
"2314","2313","0.41"
"2315","2314","0.51"
"2316","2315","0.42"
"2317","2316","0.48"
"2318","2317","0.47"
"2319","2318","0.37"
"2320","2319","0.45"
"2321","2320","0.42"
"2322","2321","0.42"
"2323","2322","0.37"
"2324","2323","0.42"
"2325","2324","0.4"
"2326","2325","0.44"
"2327","2326","0.43"
"2328","2327","0.53"
"2329","2328","0.42"
"2330","2329","0.44"
"2331","2330","0.55"
"2332","2331","0.44"
"2333","2332","0.52"
"2334","2333","0.47"
"2335","2334","0.33"
"2336","2335","0.32"
"2337","2336","0.53"
"2338","2337","0.53"
"2339","2338","0.48"
"2340","2339","0.43"
"2341","2340","0.47"
"2342","2341","0.49"
"2343","2342","0.57"
"2344","2343","0.53"
"2345","2344","0.45"
"2346","2345","0.37"
"2347","2346","0.43"
"2348","2347","0.43"
"2349","2348","0.46"
"2350","2349","0.45"
"2351","2350","0.45"
"2352","2351","0.48"
"2353","2352","0.47"
"2354","2353","0.45"
"2355","2354","0.39"
"2356","2355","0.57"
"2357","2356","0.42"
"2358","2357","0.35"
"2359","2358","0.45"
"2360","2359","0.42"
"2361","2360","0.51"
"2362","2361","0.51"
"2363","2362","0.35"
"2364","2363","0.49"
"2365","2364","0.41"
"2366","2365","0.47"
"2367","2366","0.55"
"2368","2367","0.37"
"2369","2368","0.5"
"2370","2369","0.52"
"2371","2370","0.53"
"2372","2371","0.46"
"2373","2372","0.58"
"2374","2373","0.47"
"2375","2374","0.49"
"2376","2375","0.32"
"2377","2376","0.42"
"2378","2377","0.48"
"2379","2378","0.42"
"2380","2379","0.48"
"2381","2380","0.38"
"2382","2381","0.52"
"2383","2382","0.32"
"2384","2383","0.43"
"2385","2384","0.43"
"2386","2385","0.46"
"2387","2386","0.3"
"2388","2387","0.37"
"2389","2388","0.55"
"2390","2389","0.43"
"2391","2390","0.46"
"2392","2391","0.32"
"2393","2392","0.33"
"2394","2393","0.38"
"2395","2394","0.47"
"2396","2395","0.53"
"2397","2396","0.47"
"2398","2397","0.34"
"2399","2398","0.57"
"2400","2399","0.38"
"2401","2400","0.34"
"2402","2401","0.42"
"2403","2402","0.44"
"2404","2403","0.57"
"2405","2404","0.44"
"2406","2405","0.45"
"2407","2406","0.46"
"2408","2407","0.49"
"2409","2408","0.47"
"2410","2409","0.5"
"2411","2410","0.41"
"2412","2411","0.47"
"2413","2412","0.53"
"2414","2413","0.59"
"2415","2414","0.46"
"2416","2415","0.53"
"2417","2416","0.46"
"2418","2417","0.4"
"2419","2418","0.32"
"2420","2419","0.37"
"2421","2420","0.41"
"2422","2421","0.35"
"2423","2422","0.45"
"2424","2423","0.43"
"2425","2424","0.41"
"2426","2425","0.47"
"2427","2426","0.39"
"2428","2427","0.55"
"2429","2428","0.54"
"2430","2429","0.37"
"2431","2430","0.39"
"2432","2431","0.48"
"2433","2432","0.35"
"2434","2433","0.46"
"2435","2434","0.38"
"2436","2435","0.34"
"2437","2436","0.5"
"2438","2437","0.6"
"2439","2438","0.42"
"2440","2439","0.37"
"2441","2440","0.39"
"2442","2441","0.41"
"2443","2442","0.62"
"2444","2443","0.46"
"2445","2444","0.38"
"2446","2445","0.54"
"2447","2446","0.5"
"2448","2447","0.43"
"2449","2448","0.47"
"2450","2449","0.35"
"2451","2450","0.49"
"2452","2451","0.45"
"2453","2452","0.41"
"2454","2453","0.54"
"2455","2454","0.42"
"2456","2455","0.47"
"2457","2456","0.43"
"2458","2457","0.6"
"2459","2458","0.46"
"2460","2459","0.38"
"2461","2460","0.44"
"2462","2461","0.37"
"2463","2462","0.36"
"2464","2463","0.5"
"2465","2464","0.38"
"2466","2465","0.45"
"2467","2466","0.43"
"2468","2467","0.45"
"2469","2468","0.44"
"2470","2469","0.33"
"2471","2470","0.47"
"2472","2471","0.46"
"2473","2472","0.53"
"2474","2473","0.47"
"2475","2474","0.36"
"2476","2475","0.52"
"2477","2476","0.38"
"2478","2477","0.43"
"2479","2478","0.58"
"2480","2479","0.41"
"2481","2480","0.36"
"2482","2481","0.36"
"2483","2482","0.5"
"2484","2483","0.46"
"2485","2484","0.41"
"2486","2485","0.41"
"2487","2486","0.39"
"2488","2487","0.56"
"2489","2488","0.51"
"2490","2489","0.46"
"2491","2490","0.36"
"2492","2491","0.5"
"2493","2492","0.47"
"2494","2493","0.45"
"2495","2494","0.4"
"2496","2495","0.46"
"2497","2496","0.36"
"2498","2497","0.44"
"2499","2498","0.6"
"2500","2499","0.57"
"2501","2500","0.56"
"2502","2501","0.35"
"2503","2502","0.49"
"2504","2503","0.58"
"2505","2504","0.45"
"2506","2505","0.32"
"2507","2506","0.47"
"2508","2507","0.39"
"2509","2508","0.46"
"2510","2509","0.38"
"2511","2510","0.49"
"2512","2511","0.4"
"2513","2512","0.51"
"2514","2513","0.52"
"2515","2514","0.46"
"2516","2515","0.46"
"2517","2516","0.46"
"2518","2517","0.36"
"2519","2518","0.43"
"2520","2519","0.52"
"2521","2520","0.52"
"2522","2521","0.43"
"2523","2522","0.41"
"2524","2523","0.43"
"2525","2524","0.24"
"2526","2525","0.54"
"2527","2526","0.39"
"2528","2527","0.35"
"2529","2528","0.42"
"2530","2529","0.47"
"2531","2530","0.43"
"2532","2531","0.37"
"2533","2532","0.46"
"2534","2533","0.39"
"2535","2534","0.44"
"2536","2535","0.48"
"2537","2536","0.41"
"2538","2537","0.42"
"2539","2538","0.41"
"2540","2539","0.33"
"2541","2540","0.41"
"2542","2541","0.33"
"2543","2542","0.28"
"2544","2543","0.46"
"2545","2544","0.48"
"2546","2545","0.48"
"2547","2546","0.45"
"2548","2547","0.48"
"2549","2548","0.48"
"2550","2549","0.42"
"2551","2550","0.58"
"2552","2551","0.53"
"2553","2552","0.43"
"2554","2553","0.41"
"2555","2554","0.57"
"2556","2555","0.49"
"2557","2556","0.51"
"2558","2557","0.41"
"2559","2558","0.45"
"2560","2559","0.4"
"2561","2560","0.43"
"2562","2561","0.46"
"2563","2562","0.38"
"2564","2563","0.43"
"2565","2564","0.42"
"2566","2565","0.45"
"2567","2566","0.6"
"2568","2567","0.45"
"2569","2568","0.48"
"2570","2569","0.47"
"2571","2570","0.45"
"2572","2571","0.43"
"2573","2572","0.44"
"2574","2573","0.45"
"2575","2574","0.48"
"2576","2575","0.45"
"2577","2576","0.51"
"2578","2577","0.39"
"2579","2578","0.52"
"2580","2579","0.41"
"2581","2580","0.42"
"2582","2581","0.41"
"2583","2582","0.45"
"2584","2583","0.4"
"2585","2584","0.38"
"2586","2585","0.45"
"2587","2586","0.51"
"2588","2587","0.5"
"2589","2588","0.42"
"2590","2589","0.43"
"2591","2590","0.26"
"2592","2591","0.43"
"2593","2592","0.5"
"2594","2593","0.37"
"2595","2594","0.46"
"2596","2595","0.48"
"2597","2596","0.48"
"2598","2597","0.47"
"2599","2598","0.43"
"2600","2599","0.43"
"2601","2600","0.41"
"2602","2601","0.43"
"2603","2602","0.44"
"2604","2603","0.51"
"2605","2604","0.5"
"2606","2605","0.44"
"2607","2606","0.53"
"2608","2607","0.41"
"2609","2608","0.53"
"2610","2609","0.42"
"2611","2610","0.37"
"2612","2611","0.46"
"2613","2612","0.45"
"2614","2613","0.47"
"2615","2614","0.46"
"2616","2615","0.53"
"2617","2616","0.45"
"2618","2617","0.4"
"2619","2618","0.46"
"2620","2619","0.39"
"2621","2620","0.47"
"2622","2621","0.4"
"2623","2622","0.46"
"2624","2623","0.5"
"2625","2624","0.4"
"2626","2625","0.46"
"2627","2626","0.44"
"2628","2627","0.31"
"2629","2628","0.56"
"2630","2629","0.37"
"2631","2630","0.51"
"2632","2631","0.41"
"2633","2632","0.53"
"2634","2633","0.42"
"2635","2634","0.55"
"2636","2635","0.56"
"2637","2636","0.41"
"2638","2637","0.39"
"2639","2638","0.54"
"2640","2639","0.41"
"2641","2640","0.38"
"2642","2641","0.52"
"2643","2642","0.44"
"2644","2643","0.4"
"2645","2644","0.37"
"2646","2645","0.45"
"2647","2646","0.45"
"2648","2647","0.33"
"2649","2648","0.43"
"2650","2649","0.47"
"2651","2650","0.5"
"2652","2651","0.53"
"2653","2652","0.34"
"2654","2653","0.37"
"2655","2654","0.41"
"2656","2655","0.36"
"2657","2656","0.51"
"2658","2657","0.43"
"2659","2658","0.49"
"2660","2659","0.49"
"2661","2660","0.48"
"2662","2661","0.39"
"2663","2662","0.45"
"2664","2663","0.43"
"2665","2664","0.46"
"2666","2665","0.5"
"2667","2666","0.39"
"2668","2667","0.4"
"2669","2668","0.43"
"2670","2669","0.6"
"2671","2670","0.48"
"2672","2671","0.44"
"2673","2672","0.53"
"2674","2673","0.41"
"2675","2674","0.44"
"2676","2675","0.41"
"2677","2676","0.58"
"2678","2677","0.49"
"2679","2678","0.43"
"2680","2679","0.47"
"2681","2680","0.47"
"2682","2681","0.44"
"2683","2682","0.47"
"2684","2683","0.49"
"2685","2684","0.59"
"2686","2685","0.36"
"2687","2686","0.48"
"2688","2687","0.44"
"2689","2688","0.44"
"2690","2689","0.41"
"2691","2690","0.4"
"2692","2691","0.55"
"2693","2692","0.51"
"2694","2693","0.54"
"2695","2694","0.33"
"2696","2695","0.36"
"2697","2696","0.35"
"2698","2697","0.43"
"2699","2698","0.49"
"2700","2699","0.35"
"2701","2700","0.4"
"2702","2701","0.34"
"2703","2702","0.47"
"2704","2703","0.47"
"2705","2704","0.47"
"2706","2705","0.53"
"2707","2706","0.48"
"2708","2707","0.42"
"2709","2708","0.5"
"2710","2709","0.45"
"2711","2710","0.45"
"2712","2711","0.5"
"2713","2712","0.35"
"2714","2713","0.46"
"2715","2714","0.49"
"2716","2715","0.49"
"2717","2716","0.42"
"2718","2717","0.42"
"2719","2718","0.51"
"2720","2719","0.44"
"2721","2720","0.43"
"2722","2721","0.47"
"2723","2722","0.48"
"2724","2723","0.54"
"2725","2724","0.47"
"2726","2725","0.39"
"2727","2726","0.42"
"2728","2727","0.61"
"2729","2728","0.54"
"2730","2729","0.46"
"2731","2730","0.48"
"2732","2731","0.48"
"2733","2732","0.52"
"2734","2733","0.33"
"2735","2734","0.54"
"2736","2735","0.4"
"2737","2736","0.4"
"2738","2737","0.44"
"2739","2738","0.44"
"2740","2739","0.5"
"2741","2740","0.43"
"2742","2741","0.56"
"2743","2742","0.42"
"2744","2743","0.49"
"2745","2744","0.46"
"2746","2745","0.47"
"2747","2746","0.53"
"2748","2747","0.42"
"2749","2748","0.44"
"2750","2749","0.38"
"2751","2750","0.43"
"2752","2751","0.39"
"2753","2752","0.48"
"2754","2753","0.48"
"2755","2754","0.46"
"2756","2755","0.38"
"2757","2756","0.38"
"2758","2757","0.46"
"2759","2758","0.48"
"2760","2759","0.52"
"2761","2760","0.52"
"2762","2761","0.52"
"2763","2762","0.45"
"2764","2763","0.5"
"2765","2764","0.42"
"2766","2765","0.51"
"2767","2766","0.49"
"2768","2767","0.39"
"2769","2768","0.41"
"2770","2769","0.41"
"2771","2770","0.43"
"2772","2771","0.45"
"2773","2772","0.38"
"2774","2773","0.5"
"2775","2774","0.42"
"2776","2775","0.52"
"2777","2776","0.51"
"2778","2777","0.47"
"2779","2778","0.54"
"2780","2779","0.56"
"2781","2780","0.35"
"2782","2781","0.42"
"2783","2782","0.48"
"2784","2783","0.5"
"2785","2784","0.45"
"2786","2785","0.44"
"2787","2786","0.45"
"2788","2787","0.37"
"2789","2788","0.5"
"2790","2789","0.41"
"2791","2790","0.38"
"2792","2791","0.46"
"2793","2792","0.48"
"2794","2793","0.49"
"2795","2794","0.4"
"2796","2795","0.42"
"2797","2796","0.43"
"2798","2797","0.54"
"2799","2798","0.45"
"2800","2799","0.36"
"2801","2800","0.46"
"2802","2801","0.41"
"2803","2802","0.5"
"2804","2803","0.33"
"2805","2804","0.3"
"2806","2805","0.45"
"2807","2806","0.38"
"2808","2807","0.46"
"2809","2808","0.46"
"2810","2809","0.48"
"2811","2810","0.53"
"2812","2811","0.41"
"2813","2812","0.64"
"2814","2813","0.45"
"2815","2814","0.45"
"2816","2815","0.43"
"2817","2816","0.39"
"2818","2817","0.46"
"2819","2818","0.47"
"2820","2819","0.53"
"2821","2820","0.37"
"2822","2821","0.39"
"2823","2822","0.46"
"2824","2823","0.54"
"2825","2824","0.37"
"2826","2825","0.47"
"2827","2826","0.44"
"2828","2827","0.33"
"2829","2828","0.52"
"2830","2829","0.42"
"2831","2830","0.54"
"2832","2831","0.44"
"2833","2832","0.44"
"2834","2833","0.39"
"2835","2834","0.43"
"2836","2835","0.42"
"2837","2836","0.47"
"2838","2837","0.4"
"2839","2838","0.46"
"2840","2839","0.45"
"2841","2840","0.38"
"2842","2841","0.55"
"2843","2842","0.56"
"2844","2843","0.42"
"2845","2844","0.48"
"2846","2845","0.37"
"2847","2846","0.33"
"2848","2847","0.47"
"2849","2848","0.52"
"2850","2849","0.51"
"2851","2850","0.44"
"2852","2851","0.32"
"2853","2852","0.48"
"2854","2853","0.42"
"2855","2854","0.44"
"2856","2855","0.43"
"2857","2856","0.33"
"2858","2857","0.39"
"2859","2858","0.43"
"2860","2859","0.41"
"2861","2860","0.44"
"2862","2861","0.37"
"2863","2862","0.36"
"2864","2863","0.45"
"2865","2864","0.46"
"2866","2865","0.42"
"2867","2866","0.48"
"2868","2867","0.43"
"2869","2868","0.43"
"2870","2869","0.49"
"2871","2870","0.49"
"2872","2871","0.4"
"2873","2872","0.46"
"2874","2873","0.58"
"2875","2874","0.49"
"2876","2875","0.51"
"2877","2876","0.46"
"2878","2877","0.44"
"2879","2878","0.51"
"2880","2879","0.54"
"2881","2880","0.4"
"2882","2881","0.45"
"2883","2882","0.44"
"2884","2883","0.58"
"2885","2884","0.51"
"2886","2885","0.5"
"2887","2886","0.47"
"2888","2887","0.48"
"2889","2888","0.47"
"2890","2889","0.34"
"2891","2890","0.41"
"2892","2891","0.37"
"2893","2892","0.43"
"2894","2893","0.43"
"2895","2894","0.48"
"2896","2895","0.4"
"2897","2896","0.39"
"2898","2897","0.45"
"2899","2898","0.47"
"2900","2899","0.5"
"2901","2900","0.48"
"2902","2901","0.53"
"2903","2902","0.41"
"2904","2903","0.48"
"2905","2904","0.34"
"2906","2905","0.47"
"2907","2906","0.51"
"2908","2907","0.51"
"2909","2908","0.53"
"2910","2909","0.42"
"2911","2910","0.4"
"2912","2911","0.43"
"2913","2912","0.49"
"2914","2913","0.44"
"2915","2914","0.43"
"2916","2915","0.46"
"2917","2916","0.41"
"2918","2917","0.48"
"2919","2918","0.47"
"2920","2919","0.4"
"2921","2920","0.57"
"2922","2921","0.53"
"2923","2922","0.5"
"2924","2923","0.44"
"2925","2924","0.47"
"2926","2925","0.43"
"2927","2926","0.39"
"2928","2927","0.32"
"2929","2928","0.53"
"2930","2929","0.53"
"2931","2930","0.52"
"2932","2931","0.36"
"2933","2932","0.43"
"2934","2933","0.39"
"2935","2934","0.45"
"2936","2935","0.52"
"2937","2936","0.49"
"2938","2937","0.45"
"2939","2938","0.41"
"2940","2939","0.49"
"2941","2940","0.46"
"2942","2941","0.41"
"2943","2942","0.44"
"2944","2943","0.43"
"2945","2944","0.43"
"2946","2945","0.46"
"2947","2946","0.41"
"2948","2947","0.5"
"2949","2948","0.49"
"2950","2949","0.38"
"2951","2950","0.48"
"2952","2951","0.51"
"2953","2952","0.44"
"2954","2953","0.41"
"2955","2954","0.46"
"2956","2955","0.44"
"2957","2956","0.37"
"2958","2957","0.47"
"2959","2958","0.43"
"2960","2959","0.36"
"2961","2960","0.41"
"2962","2961","0.51"
"2963","2962","0.52"
"2964","2963","0.36"
"2965","2964","0.36"
"2966","2965","0.4"
"2967","2966","0.53"
"2968","2967","0.4"
"2969","2968","0.32"
"2970","2969","0.36"
"2971","2970","0.37"
"2972","2971","0.34"
"2973","2972","0.44"
"2974","2973","0.54"
"2975","2974","0.49"
"2976","2975","0.4"
"2977","2976","0.39"
"2978","2977","0.46"
"2979","2978","0.44"
"2980","2979","0.36"
"2981","2980","0.48"
"2982","2981","0.38"
"2983","2982","0.54"
"2984","2983","0.4"
"2985","2984","0.56"
"2986","2985","0.37"
"2987","2986","0.44"
"2988","2987","0.48"
"2989","2988","0.58"
"2990","2989","0.46"
"2991","2990","0.55"
"2992","2991","0.54"
"2993","2992","0.45"
"2994","2993","0.51"
"2995","2994","0.38"
"2996","2995","0.4"
"2997","2996","0.43"
"2998","2997","0.55"
"2999","2998","0.4"
"3000","2999","0.49"
"3001","3000","0.37"
"3002","3001","0.41"
"3003","3002","0.34"
"3004","3003","0.48"
"3005","3004","0.35"
"3006","3005","0.43"
"3007","3006","0.42"
"3008","3007","0.41"
"3009","3008","0.4"
"3010","3009","0.48"
"3011","3010","0.44"
"3012","3011","0.48"
"3013","3012","0.6"
"3014","3013","0.5"
"3015","3014","0.39"
"3016","3015","0.4"
"3017","3016","0.49"
"3018","3017","0.44"
"3019","3018","0.41"
"3020","3019","0.43"
"3021","3020","0.41"
"3022","3021","0.44"
"3023","3022","0.44"
"3024","3023","0.36"
"3025","3024","0.48"
"3026","3025","0.44"
"3027","3026","0.39"
"3028","3027","0.35"
"3029","3028","0.5"
"3030","3029","0.49"
"3031","3030","0.52"
"3032","3031","0.47"
"3033","3032","0.46"
"3034","3033","0.52"
"3035","3034","0.51"
"3036","3035","0.5"
"3037","3036","0.49"
"3038","3037","0.54"
"3039","3038","0.52"
"3040","3039","0.36"
"3041","3040","0.41"
"3042","3041","0.45"
"3043","3042","0.53"
"3044","3043","0.4"
"3045","3044","0.44"
"3046","3045","0.48"
"3047","3046","0.37"
"3048","3047","0.36"
"3049","3048","0.43"
"3050","3049","0.48"
"3051","3050","0.46"
"3052","3051","0.46"
"3053","3052","0.47"
"3054","3053","0.49"
"3055","3054","0.54"
"3056","3055","0.52"
"3057","3056","0.46"
"3058","3057","0.39"
"3059","3058","0.55"
"3060","3059","0.43"
"3061","3060","0.55"
"3062","3061","0.46"
"3063","3062","0.4"
"3064","3063","0.5"
"3065","3064","0.45"
"3066","3065","0.55"
"3067","3066","0.41"
"3068","3067","0.47"
"3069","3068","0.45"
"3070","3069","0.43"
"3071","3070","0.41"
"3072","3071","0.34"
"3073","3072","0.52"
"3074","3073","0.43"
"3075","3074","0.59"
"3076","3075","0.37"
"3077","3076","0.46"
"3078","3077","0.47"
"3079","3078","0.36"
"3080","3079","0.43"
"3081","3080","0.55"
"3082","3081","0.48"
"3083","3082","0.36"
"3084","3083","0.41"
"3085","3084","0.44"
"3086","3085","0.5"
"3087","3086","0.47"
"3088","3087","0.42"
"3089","3088","0.52"
"3090","3089","0.49"
"3091","3090","0.51"
"3092","3091","0.49"
"3093","3092","0.55"
"3094","3093","0.46"
"3095","3094","0.39"
"3096","3095","0.37"
"3097","3096","0.3"
"3098","3097","0.44"
"3099","3098","0.51"
"3100","3099","0.44"
"3101","3100","0.44"
"3102","3101","0.34"
"3103","3102","0.51"
"3104","3103","0.45"
"3105","3104","0.51"
"3106","3105","0.38"
"3107","3106","0.54"
"3108","3107","0.46"
"3109","3108","0.28"
"3110","3109","0.43"
"3111","3110","0.44"
"3112","3111","0.5"
"3113","3112","0.44"
"3114","3113","0.52"
"3115","3114","0.55"
"3116","3115","0.47"
"3117","3116","0.44"
"3118","3117","0.44"
"3119","3118","0.52"
"3120","3119","0.49"
"3121","3120","0.47"
"3122","3121","0.38"
"3123","3122","0.46"
"3124","3123","0.49"
"3125","3124","0.56"
"3126","3125","0.34"
"3127","3126","0.43"
"3128","3127","0.43"
"3129","3128","0.47"
"3130","3129","0.45"
"3131","3130","0.54"
"3132","3131","0.48"
"3133","3132","0.4"
"3134","3133","0.38"
"3135","3134","0.52"
"3136","3135","0.43"
"3137","3136","0.48"
"3138","3137","0.4"
"3139","3138","0.41"
"3140","3139","0.42"
"3141","3140","0.47"
"3142","3141","0.53"
"3143","3142","0.52"
"3144","3143","0.51"
"3145","3144","0.35"
"3146","3145","0.46"
"3147","3146","0.43"
"3148","3147","0.32"
"3149","3148","0.52"
"3150","3149","0.41"
"3151","3150","0.44"
"3152","3151","0.47"
"3153","3152","0.41"
"3154","3153","0.57"
"3155","3154","0.46"
"3156","3155","0.37"
"3157","3156","0.41"
"3158","3157","0.42"
"3159","3158","0.53"
"3160","3159","0.38"
"3161","3160","0.37"
"3162","3161","0.39"
"3163","3162","0.41"
"3164","3163","0.59"
"3165","3164","0.39"
"3166","3165","0.39"
"3167","3166","0.46"
"3168","3167","0.41"
"3169","3168","0.33"
"3170","3169","0.5"
"3171","3170","0.45"
"3172","3171","0.49"
"3173","3172","0.54"
"3174","3173","0.48"
"3175","3174","0.43"
"3176","3175","0.48"
"3177","3176","0.52"
"3178","3177","0.46"
"3179","3178","0.45"
"3180","3179","0.4"
"3181","3180","0.44"
"3182","3181","0.44"
"3183","3182","0.49"
"3184","3183","0.36"
"3185","3184","0.38"
"3186","3185","0.53"
"3187","3186","0.43"
"3188","3187","0.44"
"3189","3188","0.48"
"3190","3189","0.39"
"3191","3190","0.46"
"3192","3191","0.39"
"3193","3192","0.45"
"3194","3193","0.54"
"3195","3194","0.41"
"3196","3195","0.56"
"3197","3196","0.41"
"3198","3197","0.44"
"3199","3198","0.42"
"3200","3199","0.48"
"3201","3200","0.36"
"3202","3201","0.43"
"3203","3202","0.43"
"3204","3203","0.35"
"3205","3204","0.4"
"3206","3205","0.55"
"3207","3206","0.42"
"3208","3207","0.45"
"3209","3208","0.43"
"3210","3209","0.36"
"3211","3210","0.46"
"3212","3211","0.39"
"3213","3212","0.45"
"3214","3213","0.55"
"3215","3214","0.52"
"3216","3215","0.46"
"3217","3216","0.39"
"3218","3217","0.54"
"3219","3218","0.51"
"3220","3219","0.36"
"3221","3220","0.42"
"3222","3221","0.5"
"3223","3222","0.42"
"3224","3223","0.43"
"3225","3224","0.46"
"3226","3225","0.41"
"3227","3226","0.45"
"3228","3227","0.52"
"3229","3228","0.45"
"3230","3229","0.3"
"3231","3230","0.47"
"3232","3231","0.57"
"3233","3232","0.43"
"3234","3233","0.48"
"3235","3234","0.45"
"3236","3235","0.32"
"3237","3236","0.4"
"3238","3237","0.45"
"3239","3238","0.35"
"3240","3239","0.38"
"3241","3240","0.39"
"3242","3241","0.47"
"3243","3242","0.41"
"3244","3243","0.45"
"3245","3244","0.49"
"3246","3245","0.55"
"3247","3246","0.47"
"3248","3247","0.46"
"3249","3248","0.51"
"3250","3249","0.43"
"3251","3250","0.46"
"3252","3251","0.47"
"3253","3252","0.66"
"3254","3253","0.36"
"3255","3254","0.48"
"3256","3255","0.4"
"3257","3256","0.5"
"3258","3257","0.42"
"3259","3258","0.4"
"3260","3259","0.36"
"3261","3260","0.48"
"3262","3261","0.32"
"3263","3262","0.44"
"3264","3263","0.33"
"3265","3264","0.47"
"3266","3265","0.43"
"3267","3266","0.41"
"3268","3267","0.49"
"3269","3268","0.42"
"3270","3269","0.47"
"3271","3270","0.37"
"3272","3271","0.52"
"3273","3272","0.4"
"3274","3273","0.56"
"3275","3274","0.44"
"3276","3275","0.39"
"3277","3276","0.38"
"3278","3277","0.46"
"3279","3278","0.44"
"3280","3279","0.46"
"3281","3280","0.48"
"3282","3281","0.34"
"3283","3282","0.4"
"3284","3283","0.37"
"3285","3284","0.42"
"3286","3285","0.28"
"3287","3286","0.49"
"3288","3287","0.44"
"3289","3288","0.56"
"3290","3289","0.44"
"3291","3290","0.51"
"3292","3291","0.43"
"3293","3292","0.49"
"3294","3293","0.35"
"3295","3294","0.38"
"3296","3295","0.61"
"3297","3296","0.46"
"3298","3297","0.44"
"3299","3298","0.55"
"3300","3299","0.39"
"3301","3300","0.45"
"3302","3301","0.47"
"3303","3302","0.44"
"3304","3303","0.53"
"3305","3304","0.47"
"3306","3305","0.55"
"3307","3306","0.46"
"3308","3307","0.48"
"3309","3308","0.37"
"3310","3309","0.34"
"3311","3310","0.39"
"3312","3311","0.39"
"3313","3312","0.49"
"3314","3313","0.53"
"3315","3314","0.6"
"3316","3315","0.53"
"3317","3316","0.5"
"3318","3317","0.47"
"3319","3318","0.54"
"3320","3319","0.5"
"3321","3320","0.36"
"3322","3321","0.48"
"3323","3322","0.45"
"3324","3323","0.38"
"3325","3324","0.46"
"3326","3325","0.43"
"3327","3326","0.45"
"3328","3327","0.5"
"3329","3328","0.48"
"3330","3329","0.44"
"3331","3330","0.48"
"3332","3331","0.48"
"3333","3332","0.49"
"3334","3333","0.48"
"3335","3334","0.39"
"3336","3335","0.51"
"3337","3336","0.42"
"3338","3337","0.51"
"3339","3338","0.49"
"3340","3339","0.48"
"3341","3340","0.5"
"3342","3341","0.48"
"3343","3342","0.26"
"3344","3343","0.54"
"3345","3344","0.38"
"3346","3345","0.4"
"3347","3346","0.57"
"3348","3347","0.36"
"3349","3348","0.36"
"3350","3349","0.53"
"3351","3350","0.46"
"3352","3351","0.43"
"3353","3352","0.37"
"3354","3353","0.48"
"3355","3354","0.49"
"3356","3355","0.37"
"3357","3356","0.46"
"3358","3357","0.46"
"3359","3358","0.49"
"3360","3359","0.41"
"3361","3360","0.38"
"3362","3361","0.36"
"3363","3362","0.44"
"3364","3363","0.52"
"3365","3364","0.42"
"3366","3365","0.36"
"3367","3366","0.51"
"3368","3367","0.49"
"3369","3368","0.48"
"3370","3369","0.46"
"3371","3370","0.38"
"3372","3371","0.52"
"3373","3372","0.43"
"3374","3373","0.48"
"3375","3374","0.48"
"3376","3375","0.41"
"3377","3376","0.44"
"3378","3377","0.47"
"3379","3378","0.52"
"3380","3379","0.4"
"3381","3380","0.43"
"3382","3381","0.4"
"3383","3382","0.36"
"3384","3383","0.35"
"3385","3384","0.38"
"3386","3385","0.44"
"3387","3386","0.51"
"3388","3387","0.38"
"3389","3388","0.51"
"3390","3389","0.54"
"3391","3390","0.46"
"3392","3391","0.48"
"3393","3392","0.47"
"3394","3393","0.39"
"3395","3394","0.44"
"3396","3395","0.43"
"3397","3396","0.53"
"3398","3397","0.42"
"3399","3398","0.47"
"3400","3399","0.29"
"3401","3400","0.37"
"3402","3401","0.53"
"3403","3402","0.43"
"3404","3403","0.47"
"3405","3404","0.47"
"3406","3405","0.55"
"3407","3406","0.58"
"3408","3407","0.49"
"3409","3408","0.52"
"3410","3409","0.47"
"3411","3410","0.47"
"3412","3411","0.48"
"3413","3412","0.47"
"3414","3413","0.39"
"3415","3414","0.54"
"3416","3415","0.43"
"3417","3416","0.39"
"3418","3417","0.46"
"3419","3418","0.49"
"3420","3419","0.48"
"3421","3420","0.41"
"3422","3421","0.33"
"3423","3422","0.4"
"3424","3423","0.44"
"3425","3424","0.45"
"3426","3425","0.32"
"3427","3426","0.51"
"3428","3427","0.37"
"3429","3428","0.45"
"3430","3429","0.7"
"3431","3430","0.51"
"3432","3431","0.48"
"3433","3432","0.47"
"3434","3433","0.4"
"3435","3434","0.62"
"3436","3435","0.52"
"3437","3436","0.46"
"3438","3437","0.47"
"3439","3438","0.38"
"3440","3439","0.45"
"3441","3440","0.5"
"3442","3441","0.43"
"3443","3442","0.55"
"3444","3443","0.49"
"3445","3444","0.44"
"3446","3445","0.54"
"3447","3446","0.48"
"3448","3447","0.51"
"3449","3448","0.52"
"3450","3449","0.56"
"3451","3450","0.43"
"3452","3451","0.47"
"3453","3452","0.52"
"3454","3453","0.39"
"3455","3454","0.41"
"3456","3455","0.52"
"3457","3456","0.5"
"3458","3457","0.44"
"3459","3458","0.38"
"3460","3459","0.45"
"3461","3460","0.42"
"3462","3461","0.46"
"3463","3462","0.39"
"3464","3463","0.46"
"3465","3464","0.46"
"3466","3465","0.42"
"3467","3466","0.51"
"3468","3467","0.46"
"3469","3468","0.44"
"3470","3469","0.48"
"3471","3470","0.46"
"3472","3471","0.41"
"3473","3472","0.47"
"3474","3473","0.4"
"3475","3474","0.55"
"3476","3475","0.4"
"3477","3476","0.45"
"3478","3477","0.42"
"3479","3478","0.44"
"3480","3479","0.47"
"3481","3480","0.51"
"3482","3481","0.45"
"3483","3482","0.49"
"3484","3483","0.41"
"3485","3484","0.52"
"3486","3485","0.45"
"3487","3486","0.44"
"3488","3487","0.43"
"3489","3488","0.58"
"3490","3489","0.4"
"3491","3490","0.45"
"3492","3491","0.43"
"3493","3492","0.38"
"3494","3493","0.54"
"3495","3494","0.34"
"3496","3495","0.48"
"3497","3496","0.44"
"3498","3497","0.5"
"3499","3498","0.51"
"3500","3499","0.43"
"3501","3500","0.51"
"3502","3501","0.5"
"3503","3502","0.41"
"3504","3503","0.33"
"3505","3504","0.47"
"3506","3505","0.38"
"3507","3506","0.53"
"3508","3507","0.43"
"3509","3508","0.49"
"3510","3509","0.42"
"3511","3510","0.51"
"3512","3511","0.44"
"3513","3512","0.48"
"3514","3513","0.47"
"3515","3514","0.5"
"3516","3515","0.51"
"3517","3516","0.56"
"3518","3517","0.49"
"3519","3518","0.4"
"3520","3519","0.45"
"3521","3520","0.51"
"3522","3521","0.45"
"3523","3522","0.48"
"3524","3523","0.43"
"3525","3524","0.57"
"3526","3525","0.51"
"3527","3526","0.51"
"3528","3527","0.4"
"3529","3528","0.49"
"3530","3529","0.48"
"3531","3530","0.47"
"3532","3531","0.4"
"3533","3532","0.47"
"3534","3533","0.47"
"3535","3534","0.43"
"3536","3535","0.45"
"3537","3536","0.46"
"3538","3537","0.5"
"3539","3538","0.51"
"3540","3539","0.38"
"3541","3540","0.5"
"3542","3541","0.34"
"3543","3542","0.48"
"3544","3543","0.5"
"3545","3544","0.48"
"3546","3545","0.53"
"3547","3546","0.49"
"3548","3547","0.41"
"3549","3548","0.41"
"3550","3549","0.39"
"3551","3550","0.48"
"3552","3551","0.4"
"3553","3552","0.54"
"3554","3553","0.47"
"3555","3554","0.44"
"3556","3555","0.48"
"3557","3556","0.35"
"3558","3557","0.44"
"3559","3558","0.4"
"3560","3559","0.51"
"3561","3560","0.49"
"3562","3561","0.42"
"3563","3562","0.51"
"3564","3563","0.46"
"3565","3564","0.49"
"3566","3565","0.52"
"3567","3566","0.46"
"3568","3567","0.32"
"3569","3568","0.39"
"3570","3569","0.5"
"3571","3570","0.39"
"3572","3571","0.46"
"3573","3572","0.42"
"3574","3573","0.47"
"3575","3574","0.43"
"3576","3575","0.45"
"3577","3576","0.52"
"3578","3577","0.46"
"3579","3578","0.36"
"3580","3579","0.5"
"3581","3580","0.48"
"3582","3581","0.47"
"3583","3582","0.38"
"3584","3583","0.39"
"3585","3584","0.44"
"3586","3585","0.54"
"3587","3586","0.39"
"3588","3587","0.3"
"3589","3588","0.52"
"3590","3589","0.47"
"3591","3590","0.4"
"3592","3591","0.36"
"3593","3592","0.36"
"3594","3593","0.35"
"3595","3594","0.42"
"3596","3595","0.44"
"3597","3596","0.5"
"3598","3597","0.33"
"3599","3598","0.46"
"3600","3599","0.43"
"3601","3600","0.46"
"3602","3601","0.46"
"3603","3602","0.54"
"3604","3603","0.43"
"3605","3604","0.45"
"3606","3605","0.58"
"3607","3606","0.51"
"3608","3607","0.41"
"3609","3608","0.42"
"3610","3609","0.39"
"3611","3610","0.39"
"3612","3611","0.44"
"3613","3612","0.37"
"3614","3613","0.6"
"3615","3614","0.44"
"3616","3615","0.46"
"3617","3616","0.47"
"3618","3617","0.5"
"3619","3618","0.41"
"3620","3619","0.57"
"3621","3620","0.41"
"3622","3621","0.52"
"3623","3622","0.46"
"3624","3623","0.44"
"3625","3624","0.39"
"3626","3625","0.59"
"3627","3626","0.47"
"3628","3627","0.43"
"3629","3628","0.35"
"3630","3629","0.46"
"3631","3630","0.46"
"3632","3631","0.4"
"3633","3632","0.41"
"3634","3633","0.46"
"3635","3634","0.44"
"3636","3635","0.55"
"3637","3636","0.44"
"3638","3637","0.47"
"3639","3638","0.38"
"3640","3639","0.52"
"3641","3640","0.45"
"3642","3641","0.46"
"3643","3642","0.51"
"3644","3643","0.42"
"3645","3644","0.49"
"3646","3645","0.52"
"3647","3646","0.56"
"3648","3647","0.4"
"3649","3648","0.53"
"3650","3649","0.36"
"3651","3650","0.45"
"3652","3651","0.39"
"3653","3652","0.47"
"3654","3653","0.62"
"3655","3654","0.43"
"3656","3655","0.51"
"3657","3656","0.53"
"3658","3657","0.42"
"3659","3658","0.45"
"3660","3659","0.5"
"3661","3660","0.48"
"3662","3661","0.44"
"3663","3662","0.59"
"3664","3663","0.44"
"3665","3664","0.48"
"3666","3665","0.45"
"3667","3666","0.46"
"3668","3667","0.42"
"3669","3668","0.48"
"3670","3669","0.42"
"3671","3670","0.4"
"3672","3671","0.4"
"3673","3672","0.4"
"3674","3673","0.49"
"3675","3674","0.56"
"3676","3675","0.55"
"3677","3676","0.33"
"3678","3677","0.5"
"3679","3678","0.43"
"3680","3679","0.43"
"3681","3680","0.42"
"3682","3681","0.38"
"3683","3682","0.34"
"3684","3683","0.53"
"3685","3684","0.44"
"3686","3685","0.46"
"3687","3686","0.57"
"3688","3687","0.43"
"3689","3688","0.32"
"3690","3689","0.48"
"3691","3690","0.52"
"3692","3691","0.5"
"3693","3692","0.44"
"3694","3693","0.46"
"3695","3694","0.49"
"3696","3695","0.5"
"3697","3696","0.42"
"3698","3697","0.46"
"3699","3698","0.4"
"3700","3699","0.43"
"3701","3700","0.56"
"3702","3701","0.55"
"3703","3702","0.56"
"3704","3703","0.44"
"3705","3704","0.57"
"3706","3705","0.49"
"3707","3706","0.42"
"3708","3707","0.48"
"3709","3708","0.61"
"3710","3709","0.53"
"3711","3710","0.53"
"3712","3711","0.44"
"3713","3712","0.36"
"3714","3713","0.39"
"3715","3714","0.46"
"3716","3715","0.4"
"3717","3716","0.5"
"3718","3717","0.54"
"3719","3718","0.42"
"3720","3719","0.44"
"3721","3720","0.49"
"3722","3721","0.45"
"3723","3722","0.46"
"3724","3723","0.47"
"3725","3724","0.43"
"3726","3725","0.51"
"3727","3726","0.44"
"3728","3727","0.53"
"3729","3728","0.46"
"3730","3729","0.38"
"3731","3730","0.39"
"3732","3731","0.45"
"3733","3732","0.46"
"3734","3733","0.48"
"3735","3734","0.48"
"3736","3735","0.46"
"3737","3736","0.38"
"3738","3737","0.44"
"3739","3738","0.4"
"3740","3739","0.5"
"3741","3740","0.48"
"3742","3741","0.36"
"3743","3742","0.42"
"3744","3743","0.39"
"3745","3744","0.46"
"3746","3745","0.47"
"3747","3746","0.38"
"3748","3747","0.48"
"3749","3748","0.47"
"3750","3749","0.56"
"3751","3750","0.53"
"3752","3751","0.39"
"3753","3752","0.46"
"3754","3753","0.43"
"3755","3754","0.54"
"3756","3755","0.45"
"3757","3756","0.5"
"3758","3757","0.43"
"3759","3758","0.51"
"3760","3759","0.39"
"3761","3760","0.47"
"3762","3761","0.41"
"3763","3762","0.35"
"3764","3763","0.51"
"3765","3764","0.49"
"3766","3765","0.42"
"3767","3766","0.42"
"3768","3767","0.37"
"3769","3768","0.5"
"3770","3769","0.39"
"3771","3770","0.37"
"3772","3771","0.36"
"3773","3772","0.44"
"3774","3773","0.49"
"3775","3774","0.51"
"3776","3775","0.34"
"3777","3776","0.45"
"3778","3777","0.42"
"3779","3778","0.46"
"3780","3779","0.45"
"3781","3780","0.39"
"3782","3781","0.52"
"3783","3782","0.41"
"3784","3783","0.58"
"3785","3784","0.4"
"3786","3785","0.37"
"3787","3786","0.39"
"3788","3787","0.35"
"3789","3788","0.61"
"3790","3789","0.37"
"3791","3790","0.5"
"3792","3791","0.44"
"3793","3792","0.46"
"3794","3793","0.48"
"3795","3794","0.45"
"3796","3795","0.49"
"3797","3796","0.5"
"3798","3797","0.39"
"3799","3798","0.41"
"3800","3799","0.44"
"3801","3800","0.46"
"3802","3801","0.46"
"3803","3802","0.45"
"3804","3803","0.36"
"3805","3804","0.43"
"3806","3805","0.52"
"3807","3806","0.4"
"3808","3807","0.33"
"3809","3808","0.44"
"3810","3809","0.49"
"3811","3810","0.49"
"3812","3811","0.48"
"3813","3812","0.42"
"3814","3813","0.5"
"3815","3814","0.48"
"3816","3815","0.45"
"3817","3816","0.44"
"3818","3817","0.45"
"3819","3818","0.36"
"3820","3819","0.46"
"3821","3820","0.49"
"3822","3821","0.52"
"3823","3822","0.45"
"3824","3823","0.48"
"3825","3824","0.35"
"3826","3825","0.48"
"3827","3826","0.5"
"3828","3827","0.43"
"3829","3828","0.5"
"3830","3829","0.47"
"3831","3830","0.39"
"3832","3831","0.49"
"3833","3832","0.37"
"3834","3833","0.4"
"3835","3834","0.51"
"3836","3835","0.41"
"3837","3836","0.47"
"3838","3837","0.38"
"3839","3838","0.44"
"3840","3839","0.55"
"3841","3840","0.43"
"3842","3841","0.57"
"3843","3842","0.37"
"3844","3843","0.45"
"3845","3844","0.46"
"3846","3845","0.52"
"3847","3846","0.55"
"3848","3847","0.52"
"3849","3848","0.51"
"3850","3849","0.5"
"3851","3850","0.48"
"3852","3851","0.49"
"3853","3852","0.39"
"3854","3853","0.34"
"3855","3854","0.54"
"3856","3855","0.51"
"3857","3856","0.45"
"3858","3857","0.46"
"3859","3858","0.49"
"3860","3859","0.52"
"3861","3860","0.4"
"3862","3861","0.51"
"3863","3862","0.48"
"3864","3863","0.36"
"3865","3864","0.48"
"3866","3865","0.45"
"3867","3866","0.46"
"3868","3867","0.43"
"3869","3868","0.36"
"3870","3869","0.35"
"3871","3870","0.45"
"3872","3871","0.35"
"3873","3872","0.47"
"3874","3873","0.48"
"3875","3874","0.43"
"3876","3875","0.42"
"3877","3876","0.49"
"3878","3877","0.46"
"3879","3878","0.41"
"3880","3879","0.47"
"3881","3880","0.55"
"3882","3881","0.51"
"3883","3882","0.52"
"3884","3883","0.39"
"3885","3884","0.36"
"3886","3885","0.54"
"3887","3886","0.49"
"3888","3887","0.45"
"3889","3888","0.53"
"3890","3889","0.41"
"3891","3890","0.37"
"3892","3891","0.43"
"3893","3892","0.38"
"3894","3893","0.46"
"3895","3894","0.47"
"3896","3895","0.42"
"3897","3896","0.53"
"3898","3897","0.39"
"3899","3898","0.52"
"3900","3899","0.57"
"3901","3900","0.57"
"3902","3901","0.44"
"3903","3902","0.49"
"3904","3903","0.54"
"3905","3904","0.5"
"3906","3905","0.45"
"3907","3906","0.43"
"3908","3907","0.47"
"3909","3908","0.48"
"3910","3909","0.55"
"3911","3910","0.5"
"3912","3911","0.48"
"3913","3912","0.49"
"3914","3913","0.33"
"3915","3914","0.46"
"3916","3915","0.54"
"3917","3916","0.39"
"3918","3917","0.54"
"3919","3918","0.51"
"3920","3919","0.43"
"3921","3920","0.45"
"3922","3921","0.53"
"3923","3922","0.48"
"3924","3923","0.5"
"3925","3924","0.5"
"3926","3925","0.44"
"3927","3926","0.35"
"3928","3927","0.56"
"3929","3928","0.56"
"3930","3929","0.44"
"3931","3930","0.44"
"3932","3931","0.47"
"3933","3932","0.36"
"3934","3933","0.38"
"3935","3934","0.35"
"3936","3935","0.31"
"3937","3936","0.43"
"3938","3937","0.47"
"3939","3938","0.44"
"3940","3939","0.43"
"3941","3940","0.43"
"3942","3941","0.37"
"3943","3942","0.46"
"3944","3943","0.44"
"3945","3944","0.41"
"3946","3945","0.47"
"3947","3946","0.35"
"3948","3947","0.47"
"3949","3948","0.53"
"3950","3949","0.55"
"3951","3950","0.51"
"3952","3951","0.48"
"3953","3952","0.52"
"3954","3953","0.42"
"3955","3954","0.52"
"3956","3955","0.44"
"3957","3956","0.36"
"3958","3957","0.42"
"3959","3958","0.42"
"3960","3959","0.38"
"3961","3960","0.51"
"3962","3961","0.46"
"3963","3962","0.5"
"3964","3963","0.41"
"3965","3964","0.47"
"3966","3965","0.48"
"3967","3966","0.41"
"3968","3967","0.45"
"3969","3968","0.46"
"3970","3969","0.5"
"3971","3970","0.47"
"3972","3971","0.45"
"3973","3972","0.48"
"3974","3973","0.41"
"3975","3974","0.44"
"3976","3975","0.46"
"3977","3976","0.35"
"3978","3977","0.3"
"3979","3978","0.5"
"3980","3979","0.51"
"3981","3980","0.36"
"3982","3981","0.41"
"3983","3982","0.47"
"3984","3983","0.53"
"3985","3984","0.4"
"3986","3985","0.42"
"3987","3986","0.37"
"3988","3987","0.46"
"3989","3988","0.46"
"3990","3989","0.39"
"3991","3990","0.39"
"3992","3991","0.52"
"3993","3992","0.38"
"3994","3993","0.48"
"3995","3994","0.46"
"3996","3995","0.39"
"3997","3996","0.48"
"3998","3997","0.47"
"3999","3998","0.54"
"4000","3999","0.35"
"4001","4000","0.32"
"4002","4001","0.34"
"4003","4002","0.51"
"4004","4003","0.34"
"4005","4004","0.53"
"4006","4005","0.53"
"4007","4006","0.59"
"4008","4007","0.43"
"4009","4008","0.35"
"4010","4009","0.51"
"4011","4010","0.45"
"4012","4011","0.43"
"4013","4012","0.45"
"4014","4013","0.44"
"4015","4014","0.39"
"4016","4015","0.48"
"4017","4016","0.46"
"4018","4017","0.5"
"4019","4018","0.52"
"4020","4019","0.5"
"4021","4020","0.47"
"4022","4021","0.55"
"4023","4022","0.42"
"4024","4023","0.53"
"4025","4024","0.47"
"4026","4025","0.49"
"4027","4026","0.54"
"4028","4027","0.44"
"4029","4028","0.48"
"4030","4029","0.38"
"4031","4030","0.44"
"4032","4031","0.38"
"4033","4032","0.44"
"4034","4033","0.36"
"4035","4034","0.57"
"4036","4035","0.33"
"4037","4036","0.5"
"4038","4037","0.39"
"4039","4038","0.54"
"4040","4039","0.49"
"4041","4040","0.48"
"4042","4041","0.46"
"4043","4042","0.52"
"4044","4043","0.39"
"4045","4044","0.42"
"4046","4045","0.45"
"4047","4046","0.35"
"4048","4047","0.41"
"4049","4048","0.55"
"4050","4049","0.45"
"4051","4050","0.5"
"4052","4051","0.39"
"4053","4052","0.39"
"4054","4053","0.56"
"4055","4054","0.53"
"4056","4055","0.59"
"4057","4056","0.46"
"4058","4057","0.41"
"4059","4058","0.35"
"4060","4059","0.44"
"4061","4060","0.45"
"4062","4061","0.34"
"4063","4062","0.4"
"4064","4063","0.5"
"4065","4064","0.5"
"4066","4065","0.38"
"4067","4066","0.39"
"4068","4067","0.44"
"4069","4068","0.47"
"4070","4069","0.4"
"4071","4070","0.36"
"4072","4071","0.41"
"4073","4072","0.48"
"4074","4073","0.47"
"4075","4074","0.4"
"4076","4075","0.45"
"4077","4076","0.44"
"4078","4077","0.5"
"4079","4078","0.61"
"4080","4079","0.54"
"4081","4080","0.55"
"4082","4081","0.39"
"4083","4082","0.44"
"4084","4083","0.44"
"4085","4084","0.5"
"4086","4085","0.47"
"4087","4086","0.44"
"4088","4087","0.46"
"4089","4088","0.44"
"4090","4089","0.46"
"4091","4090","0.44"
"4092","4091","0.48"
"4093","4092","0.46"
"4094","4093","0.53"
"4095","4094","0.5"
"4096","4095","0.51"
"4097","4096","0.43"
"4098","4097","0.5"
"4099","4098","0.57"
"4100","4099","0.56"
"4101","4100","0.39"
"4102","4101","0.48"
"4103","4102","0.54"
"4104","4103","0.42"
"4105","4104","0.46"
"4106","4105","0.52"
"4107","4106","0.29"
"4108","4107","0.53"
"4109","4108","0.44"
"4110","4109","0.44"
"4111","4110","0.45"
"4112","4111","0.48"
"4113","4112","0.43"
"4114","4113","0.43"
"4115","4114","0.31"
"4116","4115","0.51"
"4117","4116","0.41"
"4118","4117","0.49"
"4119","4118","0.45"
"4120","4119","0.47"
"4121","4120","0.44"
"4122","4121","0.44"
"4123","4122","0.48"
"4124","4123","0.5"
"4125","4124","0.44"
"4126","4125","0.51"
"4127","4126","0.44"
"4128","4127","0.4"
"4129","4128","0.44"
"4130","4129","0.36"
"4131","4130","0.47"
"4132","4131","0.53"
"4133","4132","0.45"
"4134","4133","0.43"
"4135","4134","0.52"
"4136","4135","0.46"
"4137","4136","0.41"
"4138","4137","0.48"
"4139","4138","0.33"
"4140","4139","0.5"
"4141","4140","0.44"
"4142","4141","0.6"
"4143","4142","0.52"
"4144","4143","0.56"
"4145","4144","0.44"
"4146","4145","0.47"
"4147","4146","0.4"
"4148","4147","0.43"
"4149","4148","0.45"
"4150","4149","0.49"
"4151","4150","0.41"
"4152","4151","0.47"
"4153","4152","0.37"
"4154","4153","0.43"
"4155","4154","0.47"
"4156","4155","0.45"
"4157","4156","0.58"
"4158","4157","0.39"
"4159","4158","0.47"
"4160","4159","0.43"
"4161","4160","0.44"
"4162","4161","0.46"
"4163","4162","0.46"
"4164","4163","0.59"
"4165","4164","0.54"
"4166","4165","0.46"
"4167","4166","0.4"
"4168","4167","0.51"
"4169","4168","0.54"
"4170","4169","0.48"
"4171","4170","0.57"
"4172","4171","0.51"
"4173","4172","0.41"
"4174","4173","0.54"
"4175","4174","0.5"
"4176","4175","0.43"
"4177","4176","0.49"
"4178","4177","0.54"
"4179","4178","0.5"
"4180","4179","0.49"
"4181","4180","0.45"
"4182","4181","0.38"
"4183","4182","0.46"
"4184","4183","0.48"
"4185","4184","0.42"
"4186","4185","0.35"
"4187","4186","0.31"
"4188","4187","0.3"
"4189","4188","0.49"
"4190","4189","0.58"
"4191","4190","0.5"
"4192","4191","0.45"
"4193","4192","0.36"
"4194","4193","0.42"
"4195","4194","0.42"
"4196","4195","0.48"
"4197","4196","0.4"
"4198","4197","0.42"
"4199","4198","0.43"
"4200","4199","0.4"
"4201","4200","0.45"
"4202","4201","0.46"
"4203","4202","0.48"
"4204","4203","0.47"
"4205","4204","0.54"
"4206","4205","0.48"
"4207","4206","0.56"
"4208","4207","0.46"
"4209","4208","0.51"
"4210","4209","0.57"
"4211","4210","0.33"
"4212","4211","0.41"
"4213","4212","0.4"
"4214","4213","0.39"
"4215","4214","0.47"
"4216","4215","0.51"
"4217","4216","0.54"
"4218","4217","0.45"
"4219","4218","0.47"
"4220","4219","0.34"
"4221","4220","0.41"
"4222","4221","0.54"
"4223","4222","0.49"
"4224","4223","0.33"
"4225","4224","0.43"
"4226","4225","0.37"
"4227","4226","0.39"
"4228","4227","0.41"
"4229","4228","0.51"
"4230","4229","0.39"
"4231","4230","0.54"
"4232","4231","0.49"
"4233","4232","0.36"
"4234","4233","0.49"
"4235","4234","0.44"
"4236","4235","0.54"
"4237","4236","0.54"
"4238","4237","0.47"
"4239","4238","0.49"
"4240","4239","0.45"
"4241","4240","0.52"
"4242","4241","0.49"
"4243","4242","0.4"
"4244","4243","0.54"
"4245","4244","0.58"
"4246","4245","0.51"
"4247","4246","0.37"
"4248","4247","0.49"
"4249","4248","0.37"
"4250","4249","0.46"
"4251","4250","0.48"
"4252","4251","0.38"
"4253","4252","0.48"
"4254","4253","0.52"
"4255","4254","0.48"
"4256","4255","0.45"
"4257","4256","0.48"
"4258","4257","0.4"
"4259","4258","0.53"
"4260","4259","0.43"
"4261","4260","0.46"
"4262","4261","0.46"
"4263","4262","0.44"
"4264","4263","0.39"
"4265","4264","0.5"
"4266","4265","0.46"
"4267","4266","0.46"
"4268","4267","0.57"
"4269","4268","0.47"
"4270","4269","0.49"
"4271","4270","0.36"
"4272","4271","0.62"
"4273","4272","0.45"
"4274","4273","0.49"
"4275","4274","0.4"
"4276","4275","0.48"
"4277","4276","0.45"
"4278","4277","0.54"
"4279","4278","0.42"
"4280","4279","0.4"
"4281","4280","0.44"
"4282","4281","0.45"
"4283","4282","0.37"
"4284","4283","0.33"
"4285","4284","0.42"
"4286","4285","0.38"
"4287","4286","0.57"
"4288","4287","0.42"
"4289","4288","0.45"
"4290","4289","0.41"
"4291","4290","0.5"
"4292","4291","0.47"
"4293","4292","0.53"
"4294","4293","0.47"
"4295","4294","0.4"