"episode","1000 - _step","1000 - reward"
"1","0","0.42"
"2","1","0.51"
"3","2","0.74"
"4","3","1.06"
"5","4","0.59"
"6","5","0.54"
"7","6","0.47"
"8","7","0.88"
"9","8","0.93"
"10","9","0.52"
"11","10","1.13"
"12","11","0.5"
"13","12","0.85"
"14","13","0.81"
"15","14","1.36"
"16","15","0.89"
"17","16","1.26"
"18","17","1.29"
"19","18","0.82"
"20","19","1.06"
"21","20","1.44"
"22","21","1.44"
"23","22","1.22"
"24","23","1.59"
"25","24","1.39"
"26","25","0.44"
"27","26","1.27"
"28","27","1.85"
"29","28","1.04"
"30","29","1.1"
"31","30","0.92"
"32","31","1.26"
"33","32","2.11"
"34","33","1.15"
"35","34","1.63"
"36","35","1.51"
"37","36","1.53"
"38","37","0.95"
"39","38","1.7"
"40","39","1.14"
"41","40","1.5"
"42","41","1.65"
"43","42","1.68"
"44","43","2.45"
"45","44","1.24"
"46","45","2.34"
"47","46","1.75"
"48","47","1.62"
"49","48","1.01"
"50","49","1.34"
"51","50","1.73"
"52","51","1.92"
"53","52","1.51"
"54","53","2.25"
"55","54","0.9"
"56","55","1.08"
"57","56","1.46"
"58","57","1.74"
"59","58","1.75"
"60","59","2.09"
"61","60","1.37"
"62","61","1.06"
"63","62","1.18"
"64","63","1.53"
"65","64","1.36"
"66","65","1.7"
"67","66","0.89"
"68","67","1.53"
"69","68","0.78"
"70","69","1.15"
"71","70","1.08"
"72","71","1.9"
"73","72","1.41"
"74","73","1.19"
"75","74","1.34"
"76","75","2.19"
"77","76","0.99"
"78","77","2.23"
"79","78","1.43"
"80","79","1.98"
"81","80","1.9"
"82","81","1.52"
"83","82","1.57"
"84","83","1.81"
"85","84","1.38"
"86","85","1.32"
"87","86","1.2"
"88","87","1.25"
"89","88","1.98"
"90","89","1.12"
"91","90","0.94"
"92","91","1.35"
"93","92","1.31"
"94","93","1.08"
"95","94","0.96"
"96","95","1.45"
"97","96","2.16"
"98","97","0.76"
"99","98","1.08"
"100","99","1.46"
"101","100","1.28"
"102","101","1.1"
"103","102","1.8"
"104","103","1.29"
"105","104","1.42"
"106","105","1.53"
"107","106","1.06"
"108","107","1.18"
"109","108","1.61"
"110","109","1.93"
"111","110","1.43"
"112","111","1.86"
"113","112","0.98"
"114","113","1.73"
"115","114","1.55"
"116","115","0.38"
"117","116","1.69"
"118","117","2.07"
"119","118","0.99"
"120","119","0.93"
"121","120","1.25"
"122","121","1.32"
"123","122","0.71"
"124","123","1.89"
"125","124","1.71"
"126","125","1.65"
"127","126","1.36"
"128","127","1.23"
"129","128","1.82"
"130","129","1.02"
"131","130","1.06"
"132","131","1.58"
"133","132","1.52"
"134","133","1.22"
"135","134","1.94"
"136","135","1.18"
"137","136","0.57"
"138","137","1.73"
"139","138","1.36"
"140","139","1.45"
"141","140","1.1"
"142","141","1.84"
"143","142","1.73"
"144","143","1.7"
"145","144","1.25"
"146","145","1.65"
"147","146","1.37"
"148","147","0.89"
"149","148","1.44"
"150","149","0.83"
"151","150","2.17"
"152","151","1.53"
"153","152","1.28"
"154","153","1.21"
"155","154","1.57"
"156","155","1.81"
"157","156","1.82"
"158","157","0.84"
"159","158","1.46"
"160","159","0.69"
"161","160","1.44"
"162","161","1.34"
"163","162","0.97"
"164","163","0.64"
"165","164","1.77"
"166","165","1.57"
"167","166","1.84"
"168","167","1.84"
"169","168","0.62"
"170","169","1.33"
"171","170","1.49"
"172","171","1.06"
"173","172","1.85"
"174","173","0.91"
"175","174","0.7"
"176","175","1.5"
"177","176","1.59"
"178","177","1.86"
"179","178","1.42"
"180","179","1.12"
"181","180","1.1"
"182","181","1.41"
"183","182","1.27"
"184","183","1.38"
"185","184","1.76"
"186","185","1.67"
"187","186","1.22"
"188","187","1.19"
"189","188","1.08"
"190","189","1.4"
"191","190","1.8"
"192","191","2.36"
"193","192","1.26"
"194","193","0.96"
"195","194","1.19"
"196","195","1.01"
"197","196","2.16"
"198","197","1.95"
"199","198","1.78"
"200","199","2.1"
"201","200","0.93"
"202","201","1.64"
"203","202","1.05"
"204","203","1.19"
"205","204","0.86"
"206","205","1.13"
"207","206","1.41"
"208","207","1.46"
"209","208","0.67"
"210","209","1.28"
"211","210","1.17"
"212","211","1.97"
"213","212","1.84"
"214","213","1.68"
"215","214","0.88"
"216","215","1.33"
"217","216","1.18"
"218","217","1.57"
"219","218","1.66"
"220","219","1.47"
"221","220","1.31"
"222","221","1.96"
"223","222","2.1"
"224","223","0.97"
"225","224","1.93"
"226","225","1.86"
"227","226","0.98"
"228","227","2.08"
"229","228","1.2"
"230","229","1.5"
"231","230","0.93"
"232","231","1.54"
"233","232","1.53"
"234","233","1.27"
"235","234","1.74"
"236","235","1"
"237","236","1.87"
"238","237","2.46"
"239","238","1.38"
"240","239","1.26"
"241","240","1.62"
"242","241","1.26"
"243","242","1.24"
"244","243","1.56"
"245","244","1.46"
"246","245","1.22"
"247","246","0.52"
"248","247","1.08"
"249","248","1.45"
"250","249","1.79"
"251","250","1.4"
"252","251","1.51"
"253","252","1.26"
"254","253","1.4"
"255","254","1.68"
"256","255","1.22"
"257","256","1.85"
"258","257","1.27"
"259","258","1.63"
"260","259","1"
"261","260","1.46"
"262","261","1.64"
"263","262","1.04"
"264","263","1.59"
"265","264","1.25"
"266","265","1.71"
"267","266","1.57"
"268","267","1.37"
"269","268","2.23"
"270","269","1.81"
"271","270","1.32"
"272","271","1.71"
"273","272","1.53"
"274","273","1.65"
"275","274","1.76"
"276","275","1.74"
"277","276","1.76"
"278","277","1.8"
"279","278","1.26"
"280","279","1.28"
"281","280","1.14"
"282","281","1.1"
"283","282","1.53"
"284","283","1.54"
"285","284","1.35"
"286","285","1.24"
"287","286","1.32"
"288","287","1.71"
"289","288","1.35"
"290","289","1.89"
"291","290","1.58"
"292","291","1.56"
"293","292","1.53"
"294","293","1.17"
"295","294","1.35"
"296","295","1.56"
"297","296","1.7"
"298","297","0.84"
"299","298","1.1"
"300","299","1.72"
"301","300","1.28"
"302","301","1.86"
"303","302","1.08"
"304","303","1.25"
"305","304","1.65"
"306","305","0.77"
"307","306","1.42"
"308","307","0.95"
"309","308","1.84"
"310","309","1.81"
"311","310","1.52"
"312","311","1.5"
"313","312","1.41"
"314","313","1.37"
"315","314","1.16"
"316","315","0.89"
"317","316","1.61"
"318","317","1.99"
"319","318","0.82"
"320","319","1.58"
"321","320","1.37"
"322","321","1.6"
"323","322","1.46"
"324","323","1.95"
"325","324","2.31"
"326","325","1.69"
"327","326","1.9"
"328","327","1.7"
"329","328","1.25"
"330","329","1.73"
"331","330","1.63"
"332","331","1.15"
"333","332","1.55"
"334","333","1.31"
"335","334","1.31"
"336","335","0.93"
"337","336","1.18"
"338","337","1.92"
"339","338","2.15"
"340","339","1.76"
"341","340","1.37"
"342","341","1.46"
"343","342","1.64"
"344","343","1.2"
"345","344","1.36"
"346","345","1.67"
"347","346","1.68"
"348","347","1.51"
"349","348","1.28"
"350","349","1.81"
"351","350","2.45"
"352","351","1.7"
"353","352","1.87"
"354","353","1.67"
"355","354","1.4"
"356","355","1.33"
"357","356","1.32"
"358","357","1.17"
"359","358","1.89"
"360","359","1.48"
"361","360","1.36"
"362","361","1.29"
"363","362","1.62"
"364","363","1.28"
"365","364","1.58"
"366","365","1.24"
"367","366","1.11"
"368","367","1.9"
"369","368","0.81"
"370","369","1.5"
"371","370","1.72"
"372","371","1.35"
"373","372","1.3"
"374","373","0.7"
"375","374","1.99"
"376","375","1.88"
"377","376","1.87"
"378","377","1.42"
"379","378","1.82"
"380","379","1.37"
"381","380","1.11"
"382","381","1.54"
"383","382","1.45"
"384","383","1.38"
"385","384","1.67"
"386","385","1.92"
"387","386","1.09"
"388","387","1.38"
"389","388","1.64"
"390","389","1.42"
"391","390","1.8"
"392","391","1.12"
"393","392","1.01"
"394","393","1.22"
"395","394","1.36"
"396","395","1.88"
"397","396","1.38"
"398","397","1.5"
"399","398","1.08"
"400","399","1.31"
"401","400","1.93"
"402","401","1.8"
"403","402","2.22"
"404","403","0.53"
"405","404","1.22"
"406","405","1.5"
"407","406","1.3"
"408","407","1.97"
"409","408","2.19"
"410","409","1.62"
"411","410","1.59"
"412","411","1.27"
"413","412","0.73"
"414","413","1.49"
"415","414","1.42"
"416","415","1.41"
"417","416","1.19"
"418","417","2.06"
"419","418","1.86"
"420","419","1.58"
"421","420","1.09"
"422","421","2.2"
"423","422","1.16"
"424","423","1.74"
"425","424","1.29"
"426","425","1.24"
"427","426","2.07"
"428","427","2.06"
"429","428","1.42"
"430","429","1.68"
"431","430","1.68"
"432","431","1.65"
"433","432","1.37"
"434","433","1.49"
"435","434","1.63"
"436","435","1.74"
"437","436","1.73"
"438","437","1.43"
"439","438","1.95"
"440","439","1.62"
"441","440","1.98"
"442","441","1.72"
"443","442","1.51"
"444","443","1.28"
"445","444","1.43"
"446","445","1.42"
"447","446","1.57"
"448","447","1.78"
"449","448","1.19"
"450","449","1.72"
"451","450","0.71"
"452","451","1.79"
"453","452","1.74"
"454","453","1.39"
"455","454","1.57"
"456","455","1.53"
"457","456","1.73"
"458","457","0.6"
"459","458","1.08"
"460","459","1.31"
"461","460","2.14"
"462","461","1.42"
"463","462","1.41"
"464","463","2.05"
"465","464","1.42"
"466","465","1.83"
"467","466","1.58"
"468","467","2.31"
"469","468","2.07"
"470","469","2.02"
"471","470","1.47"
"472","471","1.8"
"473","472","1.17"
"474","473","2.11"
"475","474","1.84"
"476","475","1.63"
"477","476","1.31"
"478","477","1.77"
"479","478","1.41"
"480","479","1.52"
"481","480","1.63"
"482","481","1.5"
"483","482","1.32"
"484","483","0.77"
"485","484","1.79"
"486","485","1.74"
"487","486","1.18"
"488","487","2.03"
"489","488","1.79"
"490","489","1.16"
"491","490","1.85"
"492","491","1.5"
"493","492","0.85"
"494","493","0.99"
"495","494","0.76"
"496","495","1.37"
"497","496","1.61"
"498","497","1.17"
"499","498","1.99"
"500","499","1.63"
"501","500","1"
"502","501","1.48"
"503","502","1.21"
"504","503","1.14"
"505","504","0.98"
"506","505","1.6"
"507","506","0.84"
"508","507","1.65"
"509","508","1.16"
"510","509","0.83"
"511","510","1.16"
"512","511","0.91"
"513","512","1.71"
"514","513","1.3"
"515","514","1.55"
"516","515","1.58"
"517","516","1.77"
"518","517","1.07"
"519","518","1.86"
"520","519","1.76"
"521","520","1.37"
"522","521","1.69"
"523","522","1.6"
"524","523","1.3"
"525","524","1.61"
"526","525","1.4"
"527","526","1.3"
"528","527","1.83"
"529","528","1.9"
"530","529","1.83"
"531","530","1.57"
"532","531","1.34"
"533","532","1.14"
"534","533","1.24"
"535","534","2.01"
"536","535","2.15"
"537","536","1.32"
"538","537","1.46"
"539","538","1.37"
"540","539","1.35"
"541","540","1.54"
"542","541","1.72"
"543","542","1.3"
"544","543","1.61"
"545","544","1.71"
"546","545","1.06"
"547","546","2.02"
"548","547","1.67"
"549","548","1.51"
"550","549","1.47"
"551","550","1.22"
"552","551","0.99"
"553","552","2.16"
"554","553","1.59"
"555","554","1.68"
"556","555","1.08"
"557","556","0.86"
"558","557","0.98"
"559","558","1.4"
"560","559","1.77"
"561","560","1.15"
"562","561","1.57"
"563","562","1.44"
"564","563","1.17"
"565","564","1.87"
"566","565","1.39"
"567","566","1.21"
"568","567","1.2"
"569","568","1.87"
"570","569","1.59"
"571","570","1.5"
"572","571","1.56"
"573","572","1.72"
"574","573","1.52"
"575","574","1.6"
"576","575","1.65"
"577","576","1.7"
"578","577","1.1"
"579","578","1.59"
"580","579","1.58"
"581","580","1.56"
"582","581","1.68"
"583","582","1.55"
"584","583","0.99"
"585","584","1.93"
"586","585","1.74"
"587","586","1.66"
"588","587","1.34"
"589","588","1.7"
"590","589","1.46"
"591","590","2.02"
"592","591","1.75"
"593","592","1.49"
"594","593","1.92"
"595","594","2.03"
"596","595","1.46"
"597","596","1.83"
"598","597","1.28"
"599","598","1.05"
"600","599","1.63"
"601","600","1.73"
"602","601","0.67"
"603","602","1.68"
"604","603","1.4"
"605","604","1.96"
"606","605","1"
"607","606","1.53"
"608","607","1.41"
"609","608","1.56"
"610","609","1.61"
"611","610","1.77"
"612","611","1.8"
"613","612","0.92"
"614","613","1.73"
"615","614","1.4"
"616","615","1.51"
"617","616","1.43"
"618","617","2.08"
"619","618","1.2"
"620","619","1.46"
"621","620","1.77"
"622","621","2.03"
"623","622","1.36"
"624","623","1.71"
"625","624","1.28"
"626","625","1.23"
"627","626","1.61"
"628","627","1.32"
"629","628","1.48"
"630","629","1.29"
"631","630","1.56"
"632","631","1.39"
"633","632","1.56"
"634","633","1.67"
"635","634","1.67"
"636","635","1.15"
"637","636","1.42"
"638","637","1.19"
"639","638","1.16"
"640","639","1.03"
"641","640","1.87"
"642","641","1.22"
"643","642","1.85"
"644","643","1.61"
"645","644","1.46"
"646","645","1.57"
"647","646","1.13"
"648","647","1.7"
"649","648","1.53"
"650","649","0.21"
"651","650","1"
"652","651","1.14"
"653","652","2"
"654","653","2.03"
"655","654","1.55"
"656","655","1.32"
"657","656","1.64"
"658","657","1.61"
"659","658","0.92"
"660","659","1.52"
"661","660","1.12"
"662","661","1.33"
"663","662","1.23"
"664","663","1.54"
"665","664","1.47"
"666","665","1.85"
"667","666","1.35"
"668","667","1.24"
"669","668","1.45"
"670","669","0.78"
"671","670","1"
"672","671","1.06"
"673","672","0.8"
"674","673","1.15"
"675","674","1.84"
"676","675","1.2"
"677","676","1.2"
"678","677","2.11"
"679","678","1.19"
"680","679","0.98"
"681","680","1.71"
"682","681","1.23"
"683","682","1.1"
"684","683","1.47"
"685","684","1.76"
"686","685","1.49"
"687","686","1.41"
"688","687","1.06"
"689","688","2.38"
"690","689","0.93"
"691","690","1.17"
"692","691","0.78"
"693","692","1.78"
"694","693","1.33"
"695","694","1.7"
"696","695","1.54"
"697","696","1.77"
"698","697","1.84"
"699","698","1.46"
"700","699","1.43"
"701","700","1.36"
"702","701","1.37"
"703","702","2.03"
"704","703","0.98"
"705","704","1.53"
"706","705","1.72"
"707","706","1.77"
"708","707","1.24"
"709","708","1.54"
"710","709","2.13"
"711","710","2.51"
"712","711","1.63"
"713","712","1.82"
"714","713","1.76"
"715","714","1.4"
"716","715","1.81"
"717","716","0.99"
"718","717","1.28"
"719","718","2.01"
"720","719","1.33"
"721","720","1.53"
"722","721","1.49"
"723","722","1.08"
"724","723","1.53"
"725","724","1.29"
"726","725","1.55"
"727","726","1.6"
"728","727","1.29"
"729","728","1.23"
"730","729","1.97"
"731","730","1.48"
"732","731","1.76"
"733","732","1.27"
"734","733","1.96"
"735","734","1.15"
"736","735","1.22"
"737","736","1.12"
"738","737","1.33"
"739","738","1.12"
"740","739","1.49"
"741","740","0.88"
"742","741","0.86"
"743","742","2.05"
"744","743","1.17"
"745","744","2.03"
"746","745","0.76"
"747","746","1.36"
"748","747","1.64"
"749","748","1.44"
"750","749","1.49"
"751","750","1.38"
"752","751","1.97"
"753","752","2.21"
"754","753","1.55"
"755","754","1.24"
"756","755","1.77"
"757","756","1.67"
"758","757","1.91"
"759","758","1.36"
"760","759","1.3"
"761","760","1"
"762","761","1.14"
"763","762","1.9"
"764","763","1.38"
"765","764","1.89"
"766","765","2"
"767","766","2.13"
"768","767","1.27"
"769","768","1.69"
"770","769","1.19"
"771","770","1.74"
"772","771","1.86"
"773","772","1.77"
"774","773","1.15"
"775","774","1.92"
"776","775","1.79"
"777","776","1.02"
"778","777","2.05"
"779","778","1.49"
"780","779","1.16"
"781","780","0.95"
"782","781","1.37"
"783","782","1.21"
"784","783","1"
"785","784","1.66"
"786","785","1.15"
"787","786","1.56"
"788","787","1.52"
"789","788","1.51"
"790","789","2.15"
"791","790","1.42"
"792","791","1.14"
"793","792","1.74"
"794","793","1.82"
"795","794","1.45"
"796","795","1.62"
"797","796","1.31"
"798","797","1.67"
"799","798","1.21"
"800","799","1.09"
"801","800","1.41"
"802","801","1.46"
"803","802","1.83"
"804","803","1.09"
"805","804","1.1"
"806","805","1.2"
"807","806","1.69"
"808","807","2.24"
"809","808","2.1"
"810","809","1.42"
"811","810","1.93"
"812","811","1.13"
"813","812","2.07"
"814","813","1.46"
"815","814","1.37"
"816","815","1.39"
"817","816","2.12"
"818","817","1.38"
"819","818","1.31"
"820","819","1.72"
"821","820","1.21"
"822","821","2.07"
"823","822","1.9"
"824","823","0.97"
"825","824","1.11"
"826","825","1.69"
"827","826","0.63"
"828","827","1.57"
"829","828","1.91"
"830","829","1.22"
"831","830","1.2"
"832","831","1.48"
"833","832","1.4"
"834","833","1.35"
"835","834","2.09"
"836","835","1.1"
"837","836","1.03"
"838","837","2.2"
"839","838","1.52"
"840","839","1.55"
"841","840","1.7"
"842","841","1.27"
"843","842","1.77"
"844","843","1.36"
"845","844","1.7"
"846","845","1.52"
"847","846","1.09"
"848","847","1.1"
"849","848","1.22"
"850","849","1.63"
"851","850","1.06"
"852","851","1.06"
"853","852","1.23"
"854","853","2.18"
"855","854","1.36"
"856","855","1.54"
"857","856","1.91"
"858","857","2.11"
"859","858","1.15"
"860","859","1.52"
"861","860","1.66"
"862","861","1.98"
"863","862","1.55"
"864","863","1.03"
"865","864","1.19"
"866","865","1.47"
"867","866","1.55"
"868","867","1.39"
"869","868","1.24"
"870","869","2.19"
"871","870","2.45"
"872","871","1"
"873","872","1.6"
"874","873","1.06"
"875","874","0.87"
"876","875","1.54"
"877","876","1.59"
"878","877","1.26"
"879","878","1.09"
"880","879","2.06"
"881","880","1.68"
"882","881","1.2"
"883","882","1.35"
"884","883","1.32"
"885","884","2.23"
"886","885","2.06"
"887","886","0.69"
"888","887","1.47"
"889","888","1.65"
"890","889","1.66"
"891","890","2.27"
"892","891","1.77"
"893","892","2.11"
"894","893","1.6"
"895","894","1.91"
"896","895","1.34"
"897","896","1.36"
"898","897","1.57"
"899","898","1.58"
"900","899","1.57"
"901","900","1.79"
"902","901","0.68"
"903","902","1.4"
"904","903","1.56"
"905","904","1.15"
"906","905","0.53"
"907","906","1.36"
"908","907","1.48"
"909","908","1.23"
"910","909","1.56"
"911","910","1.68"
"912","911","0.83"
"913","912","1.59"
"914","913","1.17"
"915","914","1.83"
"916","915","1.92"
"917","916","1.2"
"918","917","1.01"
"919","918","1.03"
"920","919","1.82"
"921","920","1.54"
"922","921","1.35"
"923","922","1.37"
"924","923","0.62"
"925","924","1.38"
"926","925","1.48"
"927","926","1.13"
"928","927","0.99"
"929","928","1.31"
"930","929","0.72"
"931","930","2.06"
"932","931","1.96"
"933","932","1.33"
"934","933","1.41"
"935","934","1.97"
"936","935","1.23"
"937","936","1.39"
"938","937","0.95"
"939","938","1.09"
"940","939","1.44"
"941","940","1.68"
"942","941","1.57"
"943","942","1.96"
"944","943","1.3"
"945","944","1.04"
"946","945","2.16"
"947","946","1.44"
"948","947","1.52"
"949","948","1.14"
"950","949","1.33"
"951","950","1.13"
"952","951","0.87"
"953","952","1.23"
"954","953","1.89"
"955","954","2.22"
"956","955","2"
"957","956","1.09"
"958","957","1.23"
"959","958","1.53"
"960","959","1.16"
"961","960","1.49"
"962","961","1.83"
"963","962","2.18"
"964","963","0.86"
"965","964","1.48"
"966","965","1.38"
"967","966","1.3"
"968","967","1.45"
"969","968","0.94"
"970","969","1.43"
"971","970","1.24"
"972","971","2.2"
"973","972","1.37"
"974","973","1.14"
"975","974","1.68"
"976","975","1.95"
"977","976","1.3"
"978","977","1.25"
"979","978","1.77"
"980","979","1.5"
"981","980","1.67"
"982","981","1.45"
"983","982","1.4"
"984","983","1.83"
"985","984","1.34"
"986","985","1.44"
"987","986","1.08"
"988","987","1.52"
"989","988","1.75"
"990","989","1.29"
"991","990","1.3"
"992","991","1.06"
"993","992","1.89"
"994","993","1.62"
"995","994","1.74"
"996","995","0.87"
"997","996","1.9"
"998","997","1.63"
"999","998","1.68"
"1000","999","1.78"
"1001","1000","1.86"
"1002","1001","1.07"
"1003","1002","1.17"
"1004","1003","1.81"
"1005","1004","1.12"
"1006","1005","1.23"
"1007","1006","2.3"
"1008","1007","1.3"
"1009","1008","1.48"
"1010","1009","1.07"
"1011","1010","1.77"
"1012","1011","1.53"
"1013","1012","1.39"
"1014","1013","0.81"
"1015","1014","1.06"
"1016","1015","1.61"
"1017","1016","0.88"
"1018","1017","1.83"
"1019","1018","1.36"
"1020","1019","1.68"
"1021","1020","2.32"
"1022","1021","0.97"
"1023","1022","1.97"
"1024","1023","1.12"
"1025","1024","1.58"
"1026","1025","1.81"
"1027","1026","1.36"
"1028","1027","0.89"
"1029","1028","1.45"
"1030","1029","1.49"
"1031","1030","1.63"
"1032","1031","1.61"
"1033","1032","1.09"
"1034","1033","0.87"
"1035","1034","1.55"
"1036","1035","1.72"
"1037","1036","0.95"
"1038","1037","1.29"
"1039","1038","1.4"
"1040","1039","1.29"
"1041","1040","1.02"
"1042","1041","1.75"
"1043","1042","1.76"
"1044","1043","1.45"
"1045","1044","1.06"
"1046","1045","1.75"
"1047","1046","0.5"
"1048","1047","1.89"
"1049","1048","2.42"
"1050","1049","1.39"
"1051","1050","2.25"
"1052","1051","1.62"
"1053","1052","1.61"
"1054","1053","1.82"
"1055","1054","1.84"
"1056","1055","1.28"
"1057","1056","1.17"
"1058","1057","1.75"
"1059","1058","1.69"
"1060","1059","1.41"
"1061","1060","1.01"
"1062","1061","1.39"
"1063","1062","1.66"
"1064","1063","0.93"
"1065","1064","1.32"
"1066","1065","1.86"
"1067","1066","1.07"
"1068","1067","0.11"
"1069","1068","1.64"
"1070","1069","2.04"
"1071","1070","1.16"
"1072","1071","1.9"
"1073","1072","2.16"
"1074","1073","1.61"
"1075","1074","1.2"
"1076","1075","1.42"
"1077","1076","1.7"
"1078","1077","1.32"
"1079","1078","1.71"
"1080","1079","1.53"
"1081","1080","1.1"
"1082","1081","1.62"
"1083","1082","1.69"
"1084","1083","1.99"
"1085","1084","1.73"
"1086","1085","2.19"
"1087","1086","0.95"
"1088","1087","1.17"
"1089","1088","1.57"
"1090","1089","1.59"
"1091","1090","1.13"
"1092","1091","1.24"
"1093","1092","1.45"
"1094","1093","1.71"
"1095","1094","1.13"
"1096","1095","1.2"
"1097","1096","2"
"1098","1097","2.23"
"1099","1098","1.66"
"1100","1099","0.87"
"1101","1100","1.07"
"1102","1101","1.41"
"1103","1102","1.34"
"1104","1103","1.23"
"1105","1104","1.38"
"1106","1105","1.85"
"1107","1106","1.83"
"1108","1107","1.43"
"1109","1108","1.14"
"1110","1109","1.57"
"1111","1110","1.85"
"1112","1111","1.11"
"1113","1112","1.33"
"1114","1113","1.14"
"1115","1114","0.98"
"1116","1115","1.16"
"1117","1116","1.51"
"1118","1117","1.67"
"1119","1118","1.63"
"1120","1119","1.42"
"1121","1120","1.28"
"1122","1121","1.84"
"1123","1122","1.51"
"1124","1123","2.22"
"1125","1124","1.02"
"1126","1125","1.62"
"1127","1126","1.33"
"1128","1127","0.97"
"1129","1128","1.64"
"1130","1129","0.63"
"1131","1130","1.49"
"1132","1131","0.85"
"1133","1132","1.6"
"1134","1133","1.69"
"1135","1134","1.42"
"1136","1135","0.7"
"1137","1136","1.26"
"1138","1137","1.22"
"1139","1138","1.62"
"1140","1139","1.25"
"1141","1140","1.56"
"1142","1141","2.01"
"1143","1142","1.64"
"1144","1143","1.9"
"1145","1144","1.67"
"1146","1145","1.96"
"1147","1146","1.33"
"1148","1147","1.64"
"1149","1148","1.73"
"1150","1149","1.29"
"1151","1150","1.98"
"1152","1151","2.06"
"1153","1152","1.31"
"1154","1153","1.38"
"1155","1154","1.73"
"1156","1155","1.75"
"1157","1156","1.82"
"1158","1157","1.37"
"1159","1158","1.31"
"1160","1159","1.76"
"1161","1160","1.87"
"1162","1161","2.01"
"1163","1162","1.41"
"1164","1163","2.13"
"1165","1164","1.1"
"1166","1165","1.51"
"1167","1166","1.62"
"1168","1167","1.86"
"1169","1168","1.62"
"1170","1169","1.57"
"1171","1170","1.77"
"1172","1171","1.76"
"1173","1172","1.89"
"1174","1173","1.44"
"1175","1174","1.66"
"1176","1175","1.4"
"1177","1176","2.15"
"1178","1177","2.18"
"1179","1178","1.66"
"1180","1179","1.27"
"1181","1180","1.16"
"1182","1181","0.95"
"1183","1182","1.6"
"1184","1183","2.01"
"1185","1184","1.68"
"1186","1185","1.18"
"1187","1186","1.67"
"1188","1187","1.11"
"1189","1188","1.87"
"1190","1189","1.55"
"1191","1190","1.11"
"1192","1191","1.67"
"1193","1192","1.3"
"1194","1193","1.59"
"1195","1194","1.4"
"1196","1195","1.55"
"1197","1196","1.29"
"1198","1197","1.38"
"1199","1198","0.86"
"1200","1199","2.06"
"1201","1200","1.07"
"1202","1201","1.7"
"1203","1202","1.59"
"1204","1203","1.28"
"1205","1204","1.33"
"1206","1205","1.33"
"1207","1206","1.46"
"1208","1207","2.03"
"1209","1208","0.65"
"1210","1209","0.77"
"1211","1210","1.55"
"1212","1211","1.15"
"1213","1212","2.29"
"1214","1213","1.14"
"1215","1214","1.56"
"1216","1215","1.65"
"1217","1216","1.72"
"1218","1217","1.45"
"1219","1218","0.76"
"1220","1219","1.89"
"1221","1220","1.29"
"1222","1221","1.51"
"1223","1222","0.96"
"1224","1223","1.12"
"1225","1224","2.23"
"1226","1225","1.54"
"1227","1226","1.29"
"1228","1227","1.65"
"1229","1228","1.73"
"1230","1229","1.34"
"1231","1230","1.68"
"1232","1231","1.22"
"1233","1232","1.51"
"1234","1233","1.25"
"1235","1234","1.25"
"1236","1235","1.89"
"1237","1236","1.58"
"1238","1237","0.87"
"1239","1238","1.76"
"1240","1239","1.8"
"1241","1240","1.28"
"1242","1241","1.48"
"1243","1242","2.05"
"1244","1243","2.33"
"1245","1244","1.05"
"1246","1245","1.24"
"1247","1246","1.57"
"1248","1247","1.32"
"1249","1248","2.19"
"1250","1249","2.07"
"1251","1250","0.94"
"1252","1251","1.54"
"1253","1252","1.07"
"1254","1253","1.51"
"1255","1254","1.27"
"1256","1255","1.6"
"1257","1256","1.48"
"1258","1257","1.29"
"1259","1258","1.44"
"1260","1259","1.64"
"1261","1260","1.25"
"1262","1261","1.01"
"1263","1262","1.01"
"1264","1263","1.31"
"1265","1264","1.06"
"1266","1265","1.26"
"1267","1266","1.24"
"1268","1267","1.58"
"1269","1268","1.37"
"1270","1269","1.23"
"1271","1270","1.63"
"1272","1271","1.66"
"1273","1272","1.94"
"1274","1273","1.45"
"1275","1274","0.92"
"1276","1275","1.46"
"1277","1276","1.52"
"1278","1277","1.07"
"1279","1278","1.07"
"1280","1279","2.39"
"1281","1280","1.5"
"1282","1281","1.67"
"1283","1282","1.77"
"1284","1283","0.63"
"1285","1284","1.2"
"1286","1285","1.19"
"1287","1286","1.5"
"1288","1287","1.79"
"1289","1288","2.21"
"1290","1289","1.84"
"1291","1290","1.24"
"1292","1291","1.64"
"1293","1292","1.5"
"1294","1293","1.96"
"1295","1294","1.52"
"1296","1295","1.03"
"1297","1296","2.04"
"1298","1297","1.73"
"1299","1298","1.53"
"1300","1299","1.8"
"1301","1300","2.19"
"1302","1301","0.86"
"1303","1302","1.39"
"1304","1303","2.34"
"1305","1304","1.2"
"1306","1305","1.9"
"1307","1306","1.93"
"1308","1307","1.72"
"1309","1308","1.41"
"1310","1309","1.81"
"1311","1310","0.79"
"1312","1311","1.14"
"1313","1312","1.47"
"1314","1313","0.84"
"1315","1314","1.25"
"1316","1315","1.7"
"1317","1316","1.97"
"1318","1317","1.19"
"1319","1318","1.31"
"1320","1319","1.04"
"1321","1320","1.31"
"1322","1321","1.93"
"1323","1322","2.32"
"1324","1323","1.89"
"1325","1324","1.48"
"1326","1325","1.88"
"1327","1326","1.59"
"1328","1327","1.49"
"1329","1328","0.98"
"1330","1329","2.13"
"1331","1330","1.42"
"1332","1331","0.88"
"1333","1332","1.74"
"1334","1333","1.46"
"1335","1334","2.14"
"1336","1335","1.27"
"1337","1336","1.87"
"1338","1337","1.57"
"1339","1338","1.27"
"1340","1339","1.76"
"1341","1340","1.71"
"1342","1341","1.25"
"1343","1342","1.89"
"1344","1343","0.87"
"1345","1344","1.42"
"1346","1345","1.77"
"1347","1346","1.48"
"1348","1347","2.11"
"1349","1348","1.31"
"1350","1349","1.18"
"1351","1350","1.9"
"1352","1351","1.91"
"1353","1352","1.17"
"1354","1353","1.27"
"1355","1354","1.46"
"1356","1355","1.56"
"1357","1356","1.7"
"1358","1357","1.71"
"1359","1358","1.34"
"1360","1359","1.21"
"1361","1360","1.73"
"1362","1361","1.47"
"1363","1362","1.45"
"1364","1363","1.28"
"1365","1364","1.11"
"1366","1365","1.83"
"1367","1366","1.65"
"1368","1367","1.74"
"1369","1368","1.15"
"1370","1369","1.44"
"1371","1370","1.88"
"1372","1371","1.08"
"1373","1372","1.7"
"1374","1373","1.57"
"1375","1374","1.8"
"1376","1375","1.36"
"1377","1376","1.72"
"1378","1377","1.18"
"1379","1378","1.54"
"1380","1379","1.66"
"1381","1380","1.6"
"1382","1381","1.31"
"1383","1382","1.76"
"1384","1383","1.68"
"1385","1384","1.68"
"1386","1385","1.6"
"1387","1386","1.32"
"1388","1387","1.3"
"1389","1388","1.69"
"1390","1389","1.44"
"1391","1390","1.5"
"1392","1391","1.58"
"1393","1392","1.85"
"1394","1393","2.16"
"1395","1394","1.78"
"1396","1395","1.01"
"1397","1396","1.52"
"1398","1397","1.66"
"1399","1398","1.3"
"1400","1399","1.33"
"1401","1400","2.02"
"1402","1401","1.49"
"1403","1402","2.13"
"1404","1403","1.57"
"1405","1404","1.03"
"1406","1405","0.92"
"1407","1406","1.21"
"1408","1407","1.43"
"1409","1408","1.03"
"1410","1409","1.39"
"1411","1410","1.07"
"1412","1411","1.97"
"1413","1412","0.63"
"1414","1413","1.61"
"1415","1414","2.35"
"1416","1415","0.98"
"1417","1416","2.16"
"1418","1417","2.15"
"1419","1418","0.92"
"1420","1419","1.58"
"1421","1420","0.85"
"1422","1421","1.23"
"1423","1422","1.32"
"1424","1423","1.33"
"1425","1424","1.04"
"1426","1425","1.22"
"1427","1426","0.88"
"1428","1427","1.7"
"1429","1428","1.42"
"1430","1429","1.89"
"1431","1430","1.31"
"1432","1431","1.66"
"1433","1432","1.65"
"1434","1433","1.62"
"1435","1434","1.31"
"1436","1435","1.58"
"1437","1436","1.24"
"1438","1437","1.22"
"1439","1438","1.62"
"1440","1439","2.29"
"1441","1440","1.55"
"1442","1441","1.73"
"1443","1442","2.29"
"1444","1443","1.71"
"1445","1444","1.35"
"1446","1445","1.14"
"1447","1446","1.27"
"1448","1447","1.46"
"1449","1448","1.44"
"1450","1449","1.79"
"1451","1450","1.23"
"1452","1451","1.8"
"1453","1452","1.37"
"1454","1453","1.34"
"1455","1454","1.61"
"1456","1455","1.46"
"1457","1456","0.92"
"1458","1457","1.61"
"1459","1458","1.38"
"1460","1459","1.06"
"1461","1460","1.35"
"1462","1461","1.14"
"1463","1462","1.56"
"1464","1463","1.65"
"1465","1464","1.46"
"1466","1465","1.13"
"1467","1466","1.68"
"1468","1467","1.65"
"1469","1468","1.68"
"1470","1469","2.47"
"1471","1470","1.81"
"1472","1471","1.34"
"1473","1472","1.53"
"1474","1473","1.61"
"1475","1474","2.54"
"1476","1475","1.62"
"1477","1476","1.57"
"1478","1477","1.43"
"1479","1478","1.36"
"1480","1479","1.72"
"1481","1480","1.55"
"1482","1481","1.51"
"1483","1482","0.81"
"1484","1483","1.09"
"1485","1484","2.15"
"1486","1485","1.38"
"1487","1486","0.96"
"1488","1487","2.09"
"1489","1488","1.18"
"1490","1489","1.23"
"1491","1490","1.29"
"1492","1491","1.49"
"1493","1492","0.87"
"1494","1493","1.42"
"1495","1494","2"
"1496","1495","1.68"
"1497","1496","1.58"
"1498","1497","1.25"
"1499","1498","1.58"
"1500","1499","0.98"
"1501","1500","1.07"
"1502","1501","1.91"
"1503","1502","2.49"
"1504","1503","1.1"
"1505","1504","1.6"
"1506","1505","1.29"
"1507","1506","1.12"
"1508","1507","1.13"
"1509","1508","0.86"
"1510","1509","1.88"
"1511","1510","1.63"
"1512","1511","2.04"
"1513","1512","1.19"
"1514","1513","1.17"
"1515","1514","0.98"
"1516","1515","1.66"
"1517","1516","1.34"
"1518","1517","1.38"
"1519","1518","1.26"
"1520","1519","2.04"
"1521","1520","1.7"
"1522","1521","1.35"
"1523","1522","1.16"
"1524","1523","1.36"
"1525","1524","1.52"
"1526","1525","1.53"
"1527","1526","1.48"
"1528","1527","1.46"
"1529","1528","1.94"
"1530","1529","0.94"
"1531","1530","1.26"
"1532","1531","1.29"
"1533","1532","1.48"
"1534","1533","1.35"
"1535","1534","1.5"
"1536","1535","1.7"
"1537","1536","0.98"
"1538","1537","1.71"
"1539","1538","1.36"
"1540","1539","1.61"
"1541","1540","1.55"
"1542","1541","0.89"
"1543","1542","1.06"
"1544","1543","1.28"
"1545","1544","1.5"
"1546","1545","1.66"
"1547","1546","1.16"
"1548","1547","1.26"
"1549","1548","1.21"
"1550","1549","1.51"
"1551","1550","1.71"
"1552","1551","1.09"
"1553","1552","1.31"
"1554","1553","1.37"
"1555","1554","0.88"
"1556","1555","1.55"
"1557","1556","1.39"
"1558","1557","1"
"1559","1558","1.63"
"1560","1559","0.88"
"1561","1560","1.53"
"1562","1561","1.33"
"1563","1562","1.76"
"1564","1563","1.3"
"1565","1564","1.76"
"1566","1565","1.72"
"1567","1566","1.24"
"1568","1567","1.82"
"1569","1568","1.29"
"1570","1569","1.53"
"1571","1570","1.6"
"1572","1571","1.29"
"1573","1572","1.68"
"1574","1573","1.53"
"1575","1574","1.71"
"1576","1575","0.69"
"1577","1576","1.55"
"1578","1577","1.65"
"1579","1578","0.82"
"1580","1579","2.11"
"1581","1580","1.43"
"1582","1581","1.32"
"1583","1582","1.9"
"1584","1583","1.55"
"1585","1584","1.26"
"1586","1585","1.22"
"1587","1586","1.55"
"1588","1587","1.88"
"1589","1588","1.01"
"1590","1589","0.7"
"1591","1590","1.97"
"1592","1591","2"
"1593","1592","1.72"
"1594","1593","1.64"
"1595","1594","1.21"
"1596","1595","1.48"
"1597","1596","1.16"
"1598","1597","1.52"
"1599","1598","1.58"
"1600","1599","1.59"
"1601","1600","1.62"
"1602","1601","1.45"
"1603","1602","2"
"1604","1603","1.97"
"1605","1604","2"
"1606","1605","1.42"
"1607","1606","2.31"
"1608","1607","2.19"
"1609","1608","1.37"
"1610","1609","1.17"
"1611","1610","2.14"
"1612","1611","1"
"1613","1612","1.49"
"1614","1613","1.46"
"1615","1614","1.63"
"1616","1615","1.18"
"1617","1616","1.49"
"1618","1617","1.42"
"1619","1618","1.39"
"1620","1619","0.84"
"1621","1620","0.92"
"1622","1621","0.78"
"1623","1622","1.23"
"1624","1623","1.77"
"1625","1624","1.36"
"1626","1625","1.42"
"1627","1626","2.04"
"1628","1627","1.18"
"1629","1628","1.48"
"1630","1629","1.5"
"1631","1630","1.48"
"1632","1631","1.11"
"1633","1632","1.63"
"1634","1633","1.41"
"1635","1634","1.49"
"1636","1635","1.25"
"1637","1636","1.68"
"1638","1637","1.47"
"1639","1638","1.49"
"1640","1639","1.84"
"1641","1640","2.52"
"1642","1641","1.27"
"1643","1642","1.33"
"1644","1643","1.11"
"1645","1644","1.65"
"1646","1645","1.67"
"1647","1646","2.07"
"1648","1647","2.05"
"1649","1648","1.41"
"1650","1649","1.28"
"1651","1650","1.48"
"1652","1651","0.96"
"1653","1652","1.94"
"1654","1653","1.56"
"1655","1654","0.97"
"1656","1655","1.21"
"1657","1656","0.95"
"1658","1657","1.38"
"1659","1658","1.13"
"1660","1659","1.52"
"1661","1660","2.1"
"1662","1661","0.99"
"1663","1662","1.19"
"1664","1663","1.25"
"1665","1664","1.39"
"1666","1665","1.37"
"1667","1666","1.64"
"1668","1667","2.03"
"1669","1668","1.47"
"1670","1669","1.31"
"1671","1670","0.82"
"1672","1671","1.69"
"1673","1672","1.53"
"1674","1673","1.73"
"1675","1674","1.49"
"1676","1675","1.08"
"1677","1676","1.72"
"1678","1677","1.09"
"1679","1678","1.82"
"1680","1679","1.55"
"1681","1680","1.91"
"1682","1681","1.24"
"1683","1682","1.31"
"1684","1683","1.43"
"1685","1684","1.17"
"1686","1685","1.44"
"1687","1686","1.11"
"1688","1687","1.54"
"1689","1688","1.03"
"1690","1689","1.05"
"1691","1690","1.95"
"1692","1691","1.13"
"1693","1692","1.83"
"1694","1693","2.19"
"1695","1694","1.41"
"1696","1695","1.84"
"1697","1696","1.44"
"1698","1697","1.61"
"1699","1698","1.26"
"1700","1699","1.59"
"1701","1700","1.63"
"1702","1701","1.27"
"1703","1702","1.68"
"1704","1703","1.6"
"1705","1704","1.52"
"1706","1705","1.52"
"1707","1706","1.55"
"1708","1707","1.95"
"1709","1708","2.29"
"1710","1709","2.3"
"1711","1710","1.11"
"1712","1711","2.37"
"1713","1712","1.69"
"1714","1713","0.96"
"1715","1714","1.23"
"1716","1715","1.91"
"1717","1716","0.78"
"1718","1717","0.87"
"1719","1718","1.1"
"1720","1719","1.53"
"1721","1720","1.02"
"1722","1721","1.39"
"1723","1722","1.16"
"1724","1723","1.14"
"1725","1724","0.98"
"1726","1725","1.12"
"1727","1726","0.67"
"1728","1727","2.06"
"1729","1728","0.61"
"1730","1729","1.62"
"1731","1730","1.63"
"1732","1731","1.55"
"1733","1732","1.57"
"1734","1733","1.51"
"1735","1734","1.68"
"1736","1735","0.96"
"1737","1736","2.02"
"1738","1737","2.31"
"1739","1738","1.36"
"1740","1739","1.76"
"1741","1740","0.73"
"1742","1741","2"
"1743","1742","1.25"
"1744","1743","1.19"
"1745","1744","1.57"
"1746","1745","1.19"
"1747","1746","1.08"
"1748","1747","1.68"
"1749","1748","1.49"
"1750","1749","1.16"
"1751","1750","1.21"
"1752","1751","1.59"
"1753","1752","1.63"
"1754","1753","2.05"
"1755","1754","1.04"
"1756","1755","1.89"
"1757","1756","1.6"
"1758","1757","1.44"
"1759","1758","2.02"
"1760","1759","1.7"
"1761","1760","1.27"
"1762","1761","1.05"
"1763","1762","1.65"
"1764","1763","1.01"
"1765","1764","1.42"
"1766","1765","1.64"
"1767","1766","2.18"
"1768","1767","1.75"
"1769","1768","1.52"
"1770","1769","1.95"
"1771","1770","1.27"
"1772","1771","0.92"
"1773","1772","1.37"
"1774","1773","1.24"
"1775","1774","1.95"
"1776","1775","1.86"
"1777","1776","0.9"
"1778","1777","0.8"
"1779","1778","1.14"
"1780","1779","1.68"
"1781","1780","1.75"
"1782","1781","1.57"
"1783","1782","1.64"
"1784","1783","1.12"
"1785","1784","1.34"
"1786","1785","1.13"
"1787","1786","1.6"
"1788","1787","1.82"
"1789","1788","2.11"
"1790","1789","1.6"
"1791","1790","1.72"
"1792","1791","1.29"
"1793","1792","1.36"
"1794","1793","0.75"
"1795","1794","1.07"
"1796","1795","1.64"
"1797","1796","1.68"
"1798","1797","1.83"
"1799","1798","1.27"
"1800","1799","1.21"
"1801","1800","1.44"
"1802","1801","1.8"
"1803","1802","2.52"
"1804","1803","1.21"
"1805","1804","1.45"
"1806","1805","1.28"
"1807","1806","1.45"
"1808","1807","0.75"
"1809","1808","0.78"
"1810","1809","1.7"
"1811","1810","1.24"
"1812","1811","1.35"
"1813","1812","0.88"
"1814","1813","1.26"
"1815","1814","1.07"
"1816","1815","2.35"
"1817","1816","1.89"
"1818","1817","1.09"
"1819","1818","0.83"
"1820","1819","1.7"
"1821","1820","1.24"
"1822","1821","1.97"
"1823","1822","1.36"
"1824","1823","1.65"
"1825","1824","1.68"
"1826","1825","1.55"
"1827","1826","1.67"
"1828","1827","0.99"
"1829","1828","0.9"
"1830","1829","1.59"
"1831","1830","1.13"
"1832","1831","1.43"
"1833","1832","2.15"
"1834","1833","1.85"
"1835","1834","2.03"
"1836","1835","1.45"
"1837","1836","1.91"
"1838","1837","1.45"
"1839","1838","0.81"
"1840","1839","1.21"
"1841","1840","1.33"
"1842","1841","1.46"
"1843","1842","0.91"
"1844","1843","1.53"
"1845","1844","1.23"
"1846","1845","1.99"
"1847","1846","1.95"
"1848","1847","1.77"
"1849","1848","2.07"
"1850","1849","1.57"
"1851","1850","1.99"
"1852","1851","1.72"
"1853","1852","1.6"
"1854","1853","1.3"
"1855","1854","1.13"
"1856","1855","1.11"
"1857","1856","1.27"
"1858","1857","1.34"
"1859","1858","1.45"
"1860","1859","1.48"
"1861","1860","2.15"
"1862","1861","1.07"
"1863","1862","1.63"
"1864","1863","1.48"
"1865","1864","1.71"
"1866","1865","0.99"
"1867","1866","0.72"
"1868","1867","1.72"
"1869","1868","1.52"
"1870","1869","1.13"
"1871","1870","1.54"
"1872","1871","1.34"
"1873","1872","1.26"
"1874","1873","1.22"
"1875","1874","1.27"
"1876","1875","1.57"
"1877","1876","1.51"
"1878","1877","1.92"
"1879","1878","1.04"
"1880","1879","1.58"
"1881","1880","1.95"
"1882","1881","1.62"
"1883","1882","1.55"
"1884","1883","1.97"
"1885","1884","1.77"
"1886","1885","1.3"
"1887","1886","1.03"
"1888","1887","1.16"
"1889","1888","1.85"
"1890","1889","1.91"
"1891","1890","2.45"
"1892","1891","1.73"
"1893","1892","1.52"
"1894","1893","1.28"
"1895","1894","1.28"
"1896","1895","2.01"
"1897","1896","1.2"
"1898","1897","1.16"
"1899","1898","1.33"
"1900","1899","1.75"
"1901","1900","1.43"
"1902","1901","1.71"
"1903","1902","1.95"
"1904","1903","1.69"
"1905","1904","1.48"
"1906","1905","1.67"
"1907","1906","1.7"
"1908","1907","1.77"
"1909","1908","1.4"
"1910","1909","2.06"
"1911","1910","1.02"
"1912","1911","1.85"
"1913","1912","1.12"
"1914","1913","2.14"
"1915","1914","1.77"
"1916","1915","1.02"
"1917","1916","1.04"
"1918","1917","1.37"
"1919","1918","1.19"
"1920","1919","1.38"
"1921","1920","0.75"
"1922","1921","1.23"
"1923","1922","1.79"
"1924","1923","0.9"
"1925","1924","1.06"
"1926","1925","1.68"
"1927","1926","1.28"
"1928","1927","0.98"
"1929","1928","1.91"
"1930","1929","1.73"
"1931","1930","1.14"
"1932","1931","1.61"
"1933","1932","0.75"
"1934","1933","1.8"
"1935","1934","1.17"
"1936","1935","1.09"
"1937","1936","0.64"
"1938","1937","1.9"
"1939","1938","1.27"
"1940","1939","1.98"
"1941","1940","1.38"
"1942","1941","1.38"
"1943","1942","1.22"
"1944","1943","1.81"
"1945","1944","1.91"
"1946","1945","1.09"
"1947","1946","1.54"
"1948","1947","1.5"
"1949","1948","1.29"
"1950","1949","1.4"
"1951","1950","0.92"
"1952","1951","1.84"
"1953","1952","1.59"
"1954","1953","1.76"
"1955","1954","1.28"
"1956","1955","1.46"
"1957","1956","1.71"
"1958","1957","1.54"
"1959","1958","1.27"
"1960","1959","1.98"
"1961","1960","1.39"
"1962","1961","1.56"
"1963","1962","0.92"
"1964","1963","1.5"
"1965","1964","1.28"
"1966","1965","1.02"
"1967","1966","1.67"
"1968","1967","1.8"
"1969","1968","1.08"
"1970","1969","1.1"
"1971","1970","1.89"
"1972","1971","1.51"
"1973","1972","1.21"
"1974","1973","1.97"
"1975","1974","0.93"
"1976","1975","1.32"
"1977","1976","1.81"
"1978","1977","1.76"
"1979","1978","1.22"
"1980","1979","1.2"
"1981","1980","1.42"
"1982","1981","1.99"
"1983","1982","1.82"
"1984","1983","1.63"
"1985","1984","1.57"
"1986","1985","2.09"
"1987","1986","1.41"
"1988","1987","1.59"
"1989","1988","2.21"
"1990","1989","1.51"
"1991","1990","1.1"
"1992","1991","0.91"
"1993","1992","1.48"
"1994","1993","0.95"
"1995","1994","0.93"
"1996","1995","1.49"
"1997","1996","1.9"
"1998","1997","1.43"
"1999","1998","1.43"
"2000","1999","1.63"
"2001","2000","1.55"
"2002","2001","1.08"
"2003","2002","1.46"
"2004","2003","2.23"
"2005","2004","1.68"
"2006","2005","1.5"
"2007","2006","1.44"
"2008","2007","0.7"
"2009","2008","1.67"
"2010","2009","1.22"
"2011","2010","1.76"
"2012","2011","1.24"
"2013","2012","1.56"
"2014","2013","1.48"
"2015","2014","0.96"
"2016","2015","1.13"
"2017","2016","1.69"
"2018","2017","0.38"
"2019","2018","1.51"
"2020","2019","1.89"
"2021","2020","1.51"
"2022","2021","1.31"
"2023","2022","1.9"
"2024","2023","0.87"
"2025","2024","1.5"
"2026","2025","1.14"
"2027","2026","1.44"
"2028","2027","2.06"
"2029","2028","1.67"
"2030","2029","1.86"
"2031","2030","1.06"
"2032","2031","1.31"
"2033","2032","1.38"
"2034","2033","1.45"
"2035","2034","1.91"
"2036","2035","1.51"
"2037","2036","1.59"
"2038","2037","1.81"
"2039","2038","1.64"
"2040","2039","1.57"
"2041","2040","1.58"
"2042","2041","0.87"
"2043","2042","1.39"
"2044","2043","1.96"
"2045","2044","2.25"
"2046","2045","0.78"
"2047","2046","1.59"
"2048","2047","1.55"
"2049","2048","1.38"
"2050","2049","1.92"
"2051","2050","1.2"
"2052","2051","1.38"
"2053","2052","1.32"
"2054","2053","1.84"
"2055","2054","1.51"
"2056","2055","1.49"
"2057","2056","0.85"
"2058","2057","1.47"
"2059","2058","1.78"
"2060","2059","1.98"
"2061","2060","1.01"
"2062","2061","1.96"
"2063","2062","1.13"
"2064","2063","1.11"
"2065","2064","1.69"
"2066","2065","1.57"
"2067","2066","1.73"
"2068","2067","1.18"
"2069","2068","1.25"
"2070","2069","1.17"
"2071","2070","0.58"
"2072","2071","1.64"
"2073","2072","1.49"
"2074","2073","1.05"
"2075","2074","1.27"
"2076","2075","0.9"
"2077","2076","1.43"
"2078","2077","1.73"
"2079","2078","1.99"
"2080","2079","1"
"2081","2080","1.56"
"2082","2081","1.79"
"2083","2082","1.71"
"2084","2083","1.36"
"2085","2084","1.57"
"2086","2085","1.8"
"2087","2086","1.77"
"2088","2087","2.02"
"2089","2088","1.8"
"2090","2089","1.29"
"2091","2090","1.25"
"2092","2091","1.48"
"2093","2092","1.42"
"2094","2093","1.88"
"2095","2094","1.26"
"2096","2095","1.13"
"2097","2096","1.56"
"2098","2097","1.42"
"2099","2098","1.88"
"2100","2099","1.16"
"2101","2100","2.07"
"2102","2101","1.41"
"2103","2102","1.39"
"2104","2103","1.55"
"2105","2104","1.76"
"2106","2105","1.25"
"2107","2106","1.73"
"2108","2107","2.04"
"2109","2108","1.18"
"2110","2109","1.93"
"2111","2110","0.94"
"2112","2111","0.86"
"2113","2112","1.4"
"2114","2113","1.29"
"2115","2114","2.04"
"2116","2115","1.29"
"2117","2116","1.52"
"2118","2117","1.32"
"2119","2118","1.03"
"2120","2119","1.42"
"2121","2120","1.67"
"2122","2121","0.84"
"2123","2122","0.95"
"2124","2123","1.73"
"2125","2124","2.01"
"2126","2125","1.32"
"2127","2126","1.93"
"2128","2127","0.91"
"2129","2128","2.23"
"2130","2129","1.03"
"2131","2130","1.45"
"2132","2131","1.08"
"2133","2132","1.57"
"2134","2133","1.49"
"2135","2134","1.5"
"2136","2135","0.97"
"2137","2136","1.09"
"2138","2137","1.42"
"2139","2138","1.49"
"2140","2139","1.89"
"2141","2140","1.98"
"2142","2141","1.43"
"2143","2142","0.99"
"2144","2143","1.58"
"2145","2144","2.22"
"2146","2145","0.86"
"2147","2146","0.99"
"2148","2147","1.57"
"2149","2148","1.66"
"2150","2149","2.07"
"2151","2150","2.03"
"2152","2151","1.25"
"2153","2152","1.9"
"2154","2153","1.36"
"2155","2154","1.41"
"2156","2155","1.86"
"2157","2156","1.32"
"2158","2157","1.75"
"2159","2158","1.43"
"2160","2159","1.79"
"2161","2160","0.85"
"2162","2161","1.76"
"2163","2162","1.61"
"2164","2163","1.44"
"2165","2164","1.87"
"2166","2165","1.38"
"2167","2166","0.87"
"2168","2167","1.79"
"2169","2168","1.73"
"2170","2169","1.16"
"2171","2170","1.83"
"2172","2171","1.85"
"2173","2172","1.65"
"2174","2173","1.38"
"2175","2174","1.43"
"2176","2175","1.62"
"2177","2176","0.9"
"2178","2177","1.98"
"2179","2178","1.58"
"2180","2179","0.96"
"2181","2180","1.65"
"2182","2181","1.48"
"2183","2182","1.35"
"2184","2183","2.09"
"2185","2184","2.08"
"2186","2185","1.58"
"2187","2186","1.68"
"2188","2187","1.44"
"2189","2188","1.7"
"2190","2189","0.88"
"2191","2190","1.26"
"2192","2191","1.89"
"2193","2192","1.02"
"2194","2193","1.05"
"2195","2194","1.7"
"2196","2195","1.2"
"2197","2196","1.84"
"2198","2197","1.15"
"2199","2198","1.65"
"2200","2199","1.15"
"2201","2200","1.42"
"2202","2201","1.88"
"2203","2202","1.19"
"2204","2203","1.11"
"2205","2204","0.93"
"2206","2205","1.12"
"2207","2206","1.66"
"2208","2207","1.06"
"2209","2208","1.08"
"2210","2209","1.95"
"2211","2210","1.43"
"2212","2211","1.22"
"2213","2212","1.77"
"2214","2213","1.52"
"2215","2214","0.77"
"2216","2215","1.38"
"2217","2216","1.65"
"2218","2217","0.98"
"2219","2218","2.42"
"2220","2219","1.46"
"2221","2220","1.37"
"2222","2221","1.12"
"2223","2222","1.86"
"2224","2223","1.55"
"2225","2224","1.28"
"2226","2225","0.84"
"2227","2226","2.35"
"2228","2227","1.69"
"2229","2228","1.61"
"2230","2229","1.21"
"2231","2230","1.75"
"2232","2231","2.25"
"2233","2232","1.62"
"2234","2233","1.72"
"2235","2234","2.22"
"2236","2235","1.79"
"2237","2236","0.63"
"2238","2237","1.61"
"2239","2238","1.6"
"2240","2239","1.54"
"2241","2240","1.71"
"2242","2241","1.51"
"2243","2242","2.21"
"2244","2243","1.51"
"2245","2244","1.59"
"2246","2245","1"
"2247","2246","1.29"
"2248","2247","0.78"
"2249","2248","1.52"
"2250","2249","1.36"
"2251","2250","1.16"
"2252","2251","0.95"
"2253","2252","1.62"
"2254","2253","1.99"
"2255","2254","1.8"
"2256","2255","1.44"
"2257","2256","1.21"
"2258","2257","1.02"
"2259","2258","2.15"
"2260","2259","1.52"
"2261","2260","1.14"
"2262","2261","1.35"
"2263","2262","1.26"
"2264","2263","1.62"
"2265","2264","2.6"
"2266","2265","1.77"
"2267","2266","0.92"
"2268","2267","1.27"
"2269","2268","1.29"
"2270","2269","1.26"
"2271","2270","1.12"
"2272","2271","1.43"
"2273","2272","1.31"
"2274","2273","1.34"
"2275","2274","1.46"
"2276","2275","1.93"
"2277","2276","1.29"
"2278","2277","1.87"
"2279","2278","1.37"
"2280","2279","1.7"
"2281","2280","1.18"
"2282","2281","1.23"
"2283","2282","1.97"
"2284","2283","1.53"
"2285","2284","1.84"
"2286","2285","1.43"
"2287","2286","1.12"
"2288","2287","1.39"
"2289","2288","1.99"
"2290","2289","1.57"
"2291","2290","1.2"
"2292","2291","2.26"
"2293","2292","0.63"
"2294","2293","2.1"
"2295","2294","2.09"
"2296","2295","1.69"
"2297","2296","1.71"
"2298","2297","1.57"
"2299","2298","1.56"
"2300","2299","1.49"
"2301","2300","1.32"
"2302","2301","1.07"
"2303","2302","1.06"
"2304","2303","1.28"
"2305","2304","1.63"
"2306","2305","1.52"
"2307","2306","1.06"
"2308","2307","1.57"
"2309","2308","1.34"
"2310","2309","1.39"
"2311","2310","1.53"
"2312","2311","0.91"
"2313","2312","0.99"
"2314","2313","2.2"
"2315","2314","1.37"
"2316","2315","1.28"
"2317","2316","1.18"
"2318","2317","1.65"
"2319","2318","0.87"
"2320","2319","1.37"
"2321","2320","1.16"
"2322","2321","1.67"
"2323","2322","1.06"
"2324","2323","1.51"
"2325","2324","1.34"
"2326","2325","1.61"
"2327","2326","1.88"
"2328","2327","1.08"
"2329","2328","1.45"
"2330","2329","1.77"
"2331","2330","1.2"
"2332","2331","1.28"
"2333","2332","1.58"
"2334","2333","1.3"
"2335","2334","0.94"
"2336","2335","1.06"
"2337","2336","1.79"
"2338","2337","2.03"
"2339","2338","1.13"
"2340","2339","1.62"
"2341","2340","1.87"
"2342","2341","2.08"
"2343","2342","1.39"
"2344","2343","1.08"
"2345","2344","1.66"
"2346","2345","1.26"
"2347","2346","1.48"
"2348","2347","1.35"
"2349","2348","2.18"
"2350","2349","1.93"
"2351","2350","1.27"
"2352","2351","1.74"
"2353","2352","1.4"
"2354","2353","1.33"
"2355","2354","1.5"
"2356","2355","1.78"
"2357","2356","1.06"
"2358","2357","0.77"
"2359","2358","0.92"
"2360","2359","1.52"
"2361","2360","1.83"
"2362","2361","1.26"
"2363","2362","1.05"
"2364","2363","1.94"
"2365","2364","0.95"
"2366","2365","1.35"
"2367","2366","1.75"
"2368","2367","0.85"
"2369","2368","1.05"
"2370","2369","1.68"
"2371","2370","1.06"
"2372","2371","1.17"
"2373","2372","2.3"
"2374","2373","1.38"
"2375","2374","1.48"
"2376","2375","1.17"
"2377","2376","1.44"
"2378","2377","1.39"
"2379","2378","1.15"
"2380","2379","1.76"
"2381","2380","0.68"
"2382","2381","1.66"
"2383","2382","1.41"
"2384","2383","1.27"
"2385","2384","1.26"
"2386","2385","1.32"
"2387","2386","1.26"
"2388","2387","1.32"
"2389","2388","2.17"
"2390","2389","1.73"
"2391","2390","0.65"
"2392","2391","1.57"
"2393","2392","0.94"
"2394","2393","1.42"
"2395","2394","1.76"
"2396","2395","1.73"
"2397","2396","1.82"
"2398","2397","1.29"
"2399","2398","0.93"
"2400","2399","1.67"
"2401","2400","0.73"
"2402","2401","1.57"
"2403","2402","1.61"
"2404","2403","2.72"
"2405","2404","1.21"
"2406","2405","1.43"
"2407","2406","0.98"
"2408","2407","0.77"
"2409","2408","0.95"
"2410","2409","1.88"
"2411","2410","1.14"
"2412","2411","1.36"
"2413","2412","1.46"
"2414","2413","1.49"
"2415","2414","1.76"
"2416","2415","1.99"
"2417","2416","0.93"
"2418","2417","1.63"
"2419","2418","0.7"
"2420","2419","1.31"
"2421","2420","1.29"
"2422","2421","1.3"
"2423","2422","0.81"
"2424","2423","0.81"
"2425","2424","1.38"
"2426","2425","1.34"
"2427","2426","0.93"
"2428","2427","1.07"
"2429","2428","1.76"
"2430","2429","1.9"
"2431","2430","1.82"
"2432","2431","1.56"
"2433","2432","1.41"
"2434","2433","2.32"
"2435","2434","1.26"
"2436","2435","1.13"
"2437","2436","1.85"
"2438","2437","2.41"
"2439","2438","1.65"
"2440","2439","1.7"
"2441","2440","1.11"
"2442","2441","1.01"
"2443","2442","2.18"
"2444","2443","1.61"
"2445","2444","1.85"
"2446","2445","1.62"
"2447","2446","1.95"
"2448","2447","1.31"
"2449","2448","1.56"
"2450","2449","1.47"
"2451","2450","1.54"
"2452","2451","1.48"
"2453","2452","0.88"
"2454","2453","1.86"
"2455","2454","1.01"
"2456","2455","2.29"
"2457","2456","0.7"
"2458","2457","1.74"
"2459","2458","1.33"
"2460","2459","1.89"
"2461","2460","0.86"
"2462","2461","1.07"
"2463","2462","1.18"
"2464","2463","1.22"
"2465","2464","0.45"
"2466","2465","1.17"
"2467","2466","1.36"
"2468","2467","1.79"
"2469","2468","1.21"
"2470","2469","0.57"
"2471","2470","0.87"
"2472","2471","1.06"
"2473","2472","2"
"2474","2473","2.14"
"2475","2474","1.28"
"2476","2475","1.35"
"2477","2476","1.48"
"2478","2477","1.85"
"2479","2478","2.04"
"2480","2479","1.43"
"2481","2480","1.74"
"2482","2481","1.25"
"2483","2482","1"
"2484","2483","1.48"
"2485","2484","1.46"
"2486","2485","1.32"
"2487","2486","1.44"
"2488","2487","0.84"
"2489","2488","1.4"
"2490","2489","1.31"
"2491","2490","1.35"
"2492","2491","1.39"
"2493","2492","1.25"
"2494","2493","1.63"
"2495","2494","1.51"
"2496","2495","1.3"
"2497","2496","1.4"
"2498","2497","1.79"
"2499","2498","1.96"
"2500","2499","1.88"
"2501","2500","0.89"
"2502","2501","1.58"
"2503","2502","1.93"
"2504","2503","2.17"
"2505","2504","1.17"
"2506","2505","2.06"
"2507","2506","1.67"
"2508","2507","1.66"
"2509","2508","1.93"
"2510","2509","1.03"
"2511","2510","1.15"
"2512","2511","1.71"
"2513","2512","1.03"
"2514","2513","2.01"
"2515","2514","1.72"
"2516","2515","1.32"
"2517","2516","0.88"
"2518","2517","1.78"
"2519","2518","1.49"
"2520","2519","0.84"
"2521","2520","2.09"
"2522","2521","1.73"
"2523","2522","1.91"
"2524","2523","1.24"
"2525","2524","1.46"
"2526","2525","2.06"
"2527","2526","1.25"
"2528","2527","0.42"
"2529","2528","0.92"
"2530","2529","1.05"
"2531","2530","1.45"
"2532","2531","1.51"
"2533","2532","1.38"
"2534","2533","2.09"
"2535","2534","1.35"
"2536","2535","1.38"
"2537","2536","1.49"
"2538","2537","1.34"
"2539","2538","1.2"
"2540","2539","1.29"
"2541","2540","1.29"
"2542","2541","1.2"
"2543","2542","0.78"
"2544","2543","1.56"
"2545","2544","1.54"
"2546","2545","1.12"
"2547","2546","0.79"
"2548","2547","1.48"
"2549","2548","1.67"
"2550","2549","1.65"
"2551","2550","1.56"
"2552","2551","0.98"
"2553","2552","1.41"
"2554","2553","1.83"
"2555","2554","2.26"
"2556","2555","1.16"
"2557","2556","1.68"
"2558","2557","0.93"
"2559","2558","1.53"
"2560","2559","1.53"
"2561","2560","1.87"
"2562","2561","0.97"
"2563","2562","1.64"
"2564","2563","1.45"
"2565","2564","1.63"
"2566","2565","0.92"
"2567","2566","1.74"
"2568","2567","2.11"
"2569","2568","1.4"
"2570","2569","2.21"
"2571","2570","0.94"
"2572","2571","1.06"
"2573","2572","1.31"
"2574","2573","1.22"
"2575","2574","0.9"
"2576","2575","1.49"
"2577","2576","1.16"
"2578","2577","1.08"
"2579","2578","1.58"
"2580","2579","1.26"
"2581","2580","1.65"
"2582","2581","1.79"
"2583","2582","1.03"
"2584","2583","1.05"
"2585","2584","1.44"
"2586","2585","1.1"
"2587","2586","1.53"
"2588","2587","1.39"
"2589","2588","1.52"
"2590","2589","1.64"
"2591","2590","0.74"
"2592","2591","1.33"
"2593","2592","0.99"
"2594","2593","0.87"
"2595","2594","1.71"
"2596","2595","1.43"
"2597","2596","1.96"
"2598","2597","2.46"
"2599","2598","1.88"
"2600","2599","1.38"
"2601","2600","1.04"
"2602","2601","0.76"
"2603","2602","1.76"
"2604","2603","1.6"
"2605","2604","1.16"
"2606","2605","2.04"
"2607","2606","1.47"
"2608","2607","1.34"
"2609","2608","1.45"
"2610","2609","0.52"
"2611","2610","1.07"
"2612","2611","1.56"
"2613","2612","1.97"
"2614","2613","1.5"
"2615","2614","1.22"
"2616","2615","1.44"
"2617","2616","1.02"
"2618","2617","0.86"
"2619","2618","1.78"
"2620","2619","1.56"
"2621","2620","1.42"
"2622","2621","1.26"
"2623","2622","1.81"
"2624","2623","1.83"
"2625","2624","1.94"
"2626","2625","1.36"
"2627","2626","1.32"
"2628","2627","1.27"
"2629","2628","1.55"
"2630","2629","1.5"
"2631","2630","1.17"
"2632","2631","0.77"
"2633","2632","1.54"
"2634","2633","1.73"
"2635","2634","1.56"
"2636","2635","1.61"
"2637","2636","1.06"
"2638","2637","1.52"
"2639","2638","2.21"
"2640","2639","1.51"
"2641","2640","0.22"
"2642","2641","1.24"
"2643","2642","1.33"
"2644","2643","1.57"
"2645","2644","1.44"
"2646","2645","0.69"
"2647","2646","1.14"
"2648","2647","1.34"
"2649","2648","1.46"
"2650","2649","1.2"
"2651","2650","1.14"
"2652","2651","2.31"
"2653","2652","1.57"
"2654","2653","1.34"
"2655","2654","1.16"
"2656","2655","1.16"
"2657","2656","1.39"
"2658","2657","1.19"
"2659","2658","1.7"
"2660","2659","1.16"
"2661","2660","1.25"
"2662","2661","1.79"
"2663","2662","1.6"
"2664","2663","1.01"
"2665","2664","1.67"
"2666","2665","1.51"
"2667","2666","1.56"
"2668","2667","0.93"
"2669","2668","1.84"
"2670","2669","2.47"
"2671","2670","2.26"
"2672","2671","1.06"
"2673","2672","1.37"
"2674","2673","1.23"
"2675","2674","1.11"
"2676","2675","1.49"
"2677","2676","1.49"
"2678","2677","1.24"
"2679","2678","1.67"
"2680","2679","1.69"
"2681","2680","1.47"
"2682","2681","1.77"
"2683","2682","1.45"
"2684","2683","0.97"
"2685","2684","1.47"
"2686","2685","1.74"
"2687","2686","1.66"
"2688","2687","1.72"
"2689","2688","1.32"
"2690","2689","1.56"
"2691","2690","0.74"
"2692","2691","1.92"
"2693","2692","2.22"
"2694","2693","1.52"
"2695","2694","1.06"
"2696","2695","1.33"
"2697","2696","1.05"
"2698","2697","1.32"
"2699","2698","2.08"
"2700","2699","1.27"
"2701","2700","1.35"
"2702","2701","1.09"
"2703","2702","1.01"
"2704","2703","1.79"
"2705","2704","1.12"
"2706","2705","1.28"
"2707","2706","1.74"
"2708","2707","1.36"
"2709","2708","1.33"
"2710","2709","1.24"
"2711","2710","2.29"
"2712","2711","1.88"
"2713","2712","0.91"
"2714","2713","1.92"
"2715","2714","1.62"
"2716","2715","1.49"
"2717","2716","0.96"
"2718","2717","0.66"
"2719","2718","1.83"
"2720","2719","1.37"
"2721","2720","1.28"
"2722","2721","1.24"
"2723","2722","0.88"
"2724","2723","1.74"
"2725","2724","1.8"
"2726","2725","0.95"
"2727","2726","1.14"
"2728","2727","2.18"
"2729","2728","2.17"
"2730","2729","1.49"
"2731","2730","1.82"
"2732","2731","1.87"
"2733","2732","1.92"
"2734","2733","1.4"
"2735","2734","1.93"
"2736","2735","1.23"
"2737","2736","1.43"
"2738","2737","1.57"
"2739","2738","1.87"
"2740","2739","1.94"
"2741","2740","1.59"
"2742","2741","0.98"
"2743","2742","1.55"
"2744","2743","1.81"
"2745","2744","1.69"
"2746","2745","0.97"
"2747","2746","1.7"
"2748","2747","0.89"
"2749","2748","1.47"
"2750","2749","1.44"
"2751","2750","0.84"
"2752","2751","1.13"
"2753","2752","1.63"
"2754","2753","0.98"
"2755","2754","1.64"
"2756","2755","1.36"
"2757","2756","2.21"
"2758","2757","1.97"
"2759","2758","1.66"
"2760","2759","1.46"
"2761","2760","1.2"
"2762","2761","1.62"
"2763","2762","0.96"
"2764","2763","1.64"
"2765","2764","1.14"
"2766","2765","1.32"
"2767","2766","2.12"
"2768","2767","1.12"
"2769","2768","1.02"
"2770","2769","1.34"
"2771","2770","1.72"
"2772","2771","1"
"2773","2772","1.08"
"2774","2773","1.47"
"2775","2774","1.7"
"2776","2775","1.5"
"2777","2776","1.42"
"2778","2777","1.36"
"2779","2778","1.35"
"2780","2779","2.07"
"2781","2780","1.32"
"2782","2781","1.34"
"2783","2782","1.51"
"2784","2783","1.6"
"2785","2784","1.23"
"2786","2785","2.05"
"2787","2786","1.87"
"2788","2787","1.4"
"2789","2788","1.87"
"2790","2789","1.04"
"2791","2790","0.85"
"2792","2791","1.92"
"2793","2792","1.26"
"2794","2793","1.38"
"2795","2794","1.7"
"2796","2795","1.01"
"2797","2796","1.84"
"2798","2797","1.69"
"2799","2798","1.56"
"2800","2799","1.09"
"2801","2800","1.43"
"2802","2801","1.03"
"2803","2802","1.58"
"2804","2803","1.31"
"2805","2804","1.2"
"2806","2805","1.45"
"2807","2806","1.44"
"2808","2807","1.23"
"2809","2808","1.89"
"2810","2809","1.82"
"2811","2810","1.27"
"2812","2811","1.21"
"2813","2812","1.59"
"2814","2813","1.42"
"2815","2814","1.44"
"2816","2815","1.43"
"2817","2816","1.35"
"2818","2817","1.5"
"2819","2818","1.4"
"2820","2819","1.37"
"2821","2820","1.64"
"2822","2821","1.65"
"2823","2822","1.21"
"2824","2823","1.98"
"2825","2824","0.9"
"2826","2825","1.48"
"2827","2826","1.95"
"2828","2827","0.59"
"2829","2828","1.9"
"2830","2829","0.96"
"2831","2830","1.55"
"2832","2831","1.83"
"2833","2832","1.08"
"2834","2833","1.66"
"2835","2834","1.13"
"2836","2835","1.23"
"2837","2836","1.56"
"2838","2837","1.83"
"2839","2838","1.33"
"2840","2839","2.22"
"2841","2840","1.29"
"2842","2841","1.51"
"2843","2842","1.4"
"2844","2843","1.12"
"2845","2844","1.35"
"2846","2845","1.07"
"2847","2846","1.09"
"2848","2847","1.32"
"2849","2848","1.55"
"2850","2849","1.3"
"2851","2850","1.17"
"2852","2851","1.43"
"2853","2852","1.66"
"2854","2853","1.2"
"2855","2854","1.33"
"2856","2855","1.48"
"2857","2856","0.98"
"2858","2857","1.33"
"2859","2858","1.69"
"2860","2859","1.2"
"2861","2860","1.67"
"2862","2861","0.88"
"2863","2862","1.13"
"2864","2863","2.01"
"2865","2864","1.09"
"2866","2865","1.59"
"2867","2866","1.22"
"2868","2867","1.57"
"2869","2868","1.16"
"2870","2869","1.72"
"2871","2870","1.34"
"2872","2871","1.8"
"2873","2872","1.28"
"2874","2873","1.75"
"2875","2874","1.36"
"2876","2875","1.27"
"2877","2876","1.57"
"2878","2877","1.43"
"2879","2878","1.74"
"2880","2879","2.1"
"2881","2880","1.49"
"2882","2881","1.22"
"2883","2882","1.05"
"2884","2883","1.9"
"2885","2884","1.86"
"2886","2885","1.85"
"2887","2886","1.6"
"2888","2887","2.26"
"2889","2888","1.74"
"2890","2889","1.01"
"2891","2890","1.29"
"2892","2891","1.69"
"2893","2892","1.94"
"2894","2893","1.33"
"2895","2894","1.29"
"2896","2895","1.07"
"2897","2896","1.64"
"2898","2897","1.36"
"2899","2898","1.59"
"2900","2899","1.97"
"2901","2900","1.62"
"2902","2901","1.6"
"2903","2902","1.71"
"2904","2903","1.39"
"2905","2904","1.36"
"2906","2905","1.11"
"2907","2906","1.63"
"2908","2907","1.17"
"2909","2908","1.7"
"2910","2909","2.13"
"2911","2910","1.71"
"2912","2911","1.39"
"2913","2912","1.84"
"2914","2913","1.45"
"2915","2914","1.17"
"2916","2915","1.83"
"2917","2916","1.46"
"2918","2917","1.54"
"2919","2918","2.16"
"2920","2919","1.27"
"2921","2920","1.85"
"2922","2921","1.7"
"2923","2922","1.53"
"2924","2923","1.47"
"2925","2924","1.43"
"2926","2925","0.97"
"2927","2926","1.33"
"2928","2927","1.43"
"2929","2928","1.65"
"2930","2929","1.19"
"2931","2930","1.88"
"2932","2931","1.16"
"2933","2932","1.29"
"2934","2933","1.63"
"2935","2934","1.96"
"2936","2935","1.93"
"2937","2936","2.09"
"2938","2937","2.06"
"2939","2938","1.06"
"2940","2939","1.09"
"2941","2940","1.24"
"2942","2941","1.61"
"2943","2942","1.22"
"2944","2943","1.48"
"2945","2944","1.39"
"2946","2945","1.17"
"2947","2946","1.24"
"2948","2947","1.75"
"2949","2948","1.57"
"2950","2949","0.97"
"2951","2950","1.8"
"2952","2951","1.81"
"2953","2952","1.56"
"2954","2953","1.71"
"2955","2954","1.24"
"2956","2955","1.33"
"2957","2956","1.62"
"2958","2957","1.43"
"2959","2958","0.38"
"2960","2959","1.22"
"2961","2960","1.44"
"2962","2961","1.24"
"2963","2962","1.37"
"2964","2963","1.32"
"2965","2964","1.14"
"2966","2965","1.09"
"2967","2966","1.72"
"2968","2967","1.79"
"2969","2968","0.51"
"2970","2969","1.19"
"2971","2970","1.07"
"2972","2971","0.98"
"2973","2972","1.18"
"2974","2973","1.99"
"2975","2974","0.72"
"2976","2975","0.59"
"2977","2976","1.36"
"2978","2977","1.21"
"2979","2978","1.36"
"2980","2979","1.61"
"2981","2980","1.69"
"2982","2981","1.64"
"2983","2982","2.17"
"2984","2983","1.29"
"2985","2984","1.37"
"2986","2985","1.12"
"2987","2986","1.65"
"2988","2987","1.11"
"2989","2988","2.19"
"2990","2989","1.1"
"2991","2990","1.42"
"2992","2991","2.22"
"2993","2992","1.17"
"2994","2993","1.12"
"2995","2994","1.11"
"2996","2995","1.22"
"2997","2996","1.25"
"2998","2997","1.74"
"2999","2998","1.88"
"3000","2999","0.9"
"3001","3000","1.73"
"3002","3001","1.31"
"3003","3002","1.91"
"3004","3003","1.46"
"3005","3004","0.99"
"3006","3005","1.41"
"3007","3006","1.47"
"3008","3007","0.37"
"3009","3008","1.58"
"3010","3009","1.77"
"3011","3010","1.26"
"3012","3011","1.58"
"3013","3012","1.86"
"3014","3013","1.2"
"3015","3014","1.22"
"3016","3015","1.4"
"3017","3016","1.48"
"3018","3017","1.05"
"3019","3018","0.77"
"3020","3019","1.79"
"3021","3020","1.47"
"3022","3021","1.07"
"3023","3022","1.6"
"3024","3023","0.9"
"3025","3024","1.11"
"3026","3025","1.49"
"3027","3026","1.39"
"3028","3027","0.81"
"3029","3028","1.7"
"3030","3029","1.52"
"3031","3030","1.85"
"3032","3031","1.25"
"3033","3032","0.94"
"3034","3033","2.07"
"3035","3034","1.97"
"3036","3035","1.79"
"3037","3036","1.72"
"3038","3037","0.92"
"3039","3038","1.55"
"3040","3039","0.94"
"3041","3040","1.3"
"3042","3041","1.55"
"3043","3042","1.4"
"3044","3043","1.1"
"3045","3044","1.38"
"3046","3045","1.73"
"3047","3046","1.47"
"3048","3047","1.04"
"3049","3048","1.36"
"3050","3049","1.92"
"3051","3050","1.01"
"3052","3051","1.52"
"3053","3052","2.44"
"3054","3053","1.09"
"3055","3054","2.27"
"3056","3055","1.25"
"3057","3056","1.97"
"3058","3057","1.71"
"3059","3058","1.03"
"3060","3059","1.42"
"3061","3060","1.47"
"3062","3061","1.51"
"3063","3062","1.13"
"3064","3063","1.15"
"3065","3064","1.88"
"3066","3065","1.79"
"3067","3066","0.77"
"3068","3067","1.76"
"3069","3068","1.4"
"3070","3069","1.46"
"3071","3070","1.15"
"3072","3071","0.86"
"3073","3072","1.75"
"3074","3073","1.33"
"3075","3074","1.29"
"3076","3075","1.17"
"3077","3076","1.67"
"3078","3077","2.1"
"3079","3078","1.47"
"3080","3079","2.35"
"3081","3080","2.16"
"3082","3081","1.16"
"3083","3082","0.61"
"3084","3083","1.28"
"3085","3084","1.32"
"3086","3085","1.5"
"3087","3086","1.14"
"3088","3087","1.88"
"3089","3088","1.93"
"3090","3089","1.32"
"3091","3090","1.8"
"3092","3091","2.1"
"3093","3092","2"
"3094","3093","1.79"
"3095","3094","1.26"
"3096","3095","1.22"
"3097","3096","1.26"
"3098","3097","1.44"
"3099","3098","1"
"3100","3099","2.02"
"3101","3100","1.56"
"3102","3101","1.25"
"3103","3102","2.04"
"3104","3103","1.31"
"3105","3104","1.56"
"3106","3105","1.53"
"3107","3106","1.79"
"3108","3107","1.75"
"3109","3108","1.15"
"3110","3109","0.97"
"3111","3110","1.5"
"3112","3111","1.21"
"3113","3112","1.37"
"3114","3113","1.72"
"3115","3114","1.91"
"3116","3115","2.14"
"3117","3116","1.74"
"3118","3117","1.46"
"3119","3118","1.71"
"3120","3119","1.74"
"3121","3120","1.28"
"3122","3121","1.1"
"3123","3122","1.44"
"3124","3123","1.65"
"3125","3124","2.16"
"3126","3125","0.98"
"3127","3126","1.96"
"3128","3127","1.74"
"3129","3128","1.26"
"3130","3129","1.21"
"3131","3130","1.53"
"3132","3131","1.05"
"3133","3132","1.9"
"3134","3133","0.85"
"3135","3134","1.01"
"3136","3135","1.51"
"3137","3136","1.73"
"3138","3137","1.49"
"3139","3138","1.22"
"3140","3139","1"
"3141","3140","1.1"
"3142","3141","2.13"
"3143","3142","1.93"
"3144","3143","1.68"
"3145","3144","1.69"
"3146","3145","1.57"
"3147","3146","1.1"
"3148","3147","1.33"
"3149","3148","1.81"
"3150","3149","2.14"
"3151","3150","1.17"
"3152","3151","1.2"
"3153","3152","1.23"
"3154","3153","1.6"
"3155","3154","1.01"
"3156","3155","1.53"
"3157","3156","1.21"
"3158","3157","1.53"
"3159","3158","1.06"
"3160","3159","1.08"
"3161","3160","0.76"
"3162","3161","1.47"
"3163","3162","1.19"
"3164","3163","1.87"
"3165","3164","1.38"
"3166","3165","1.18"
"3167","3166","1.06"
"3168","3167","1.56"
"3169","3168","2.26"
"3170","3169","2.02"
"3171","3170","1.74"
"3172","3171","1.66"
"3173","3172","1.6"
"3174","3173","1.31"
"3175","3174","1.02"
"3176","3175","1.15"
"3177","3176","1.66"
"3178","3177","1.29"
"3179","3178","1.35"
"3180","3179","1.39"
"3181","3180","0.7"
"3182","3181","2.1"
"3183","3182","0.45"
"3184","3183","0.93"
"3185","3184","1.33"
"3186","3185","1.76"
"3187","3186","1.42"
"3188","3187","1.93"
"3189","3188","1.52"
"3190","3189","1.2"
"3191","3190","1.38"
"3192","3191","0.87"
"3193","3192","1.64"
"3194","3193","1.61"
"3195","3194","1.42"
"3196","3195","1.53"
"3197","3196","0.68"
"3198","3197","1.25"
"3199","3198","0.75"
"3200","3199","1.47"
"3201","3200","1.39"
"3202","3201","1.8"
"3203","3202","2.11"
"3204","3203","1.29"
"3205","3204","0.99"
"3206","3205","2.02"
"3207","3206","0.85"
"3208","3207","1.35"
"3209","3208","0.93"
"3210","3209","0.64"
"3211","3210","0.79"
"3212","3211","1.26"
"3213","3212","1.24"
"3214","3213","1.31"
"3215","3214","2.19"
"3216","3215","2.27"
"3217","3216","0.72"
"3218","3217","2.14"
"3219","3218","1.73"
"3220","3219","1.36"
"3221","3220","0.96"
"3222","3221","1.96"
"3223","3222","1.16"
"3224","3223","1.25"
"3225","3224","1.52"
"3226","3225","1.22"
"3227","3226","1.58"
"3228","3227","2.15"
"3229","3228","1.09"
"3230","3229","1.07"
"3231","3230","1.62"
"3232","3231","1.67"
"3233","3232","1.31"
"3234","3233","1.14"
"3235","3234","1.46"
"3236","3235","1.15"
"3237","3236","1.47"
"3238","3237","1.16"
"3239","3238","1.12"
"3240","3239","1.45"
"3241","3240","1.31"
"3242","3241","1.58"
"3243","3242","1.65"
"3244","3243","1.79"
"3245","3244","1.34"
"3246","3245","1.6"
"3247","3246","1.21"
"3248","3247","1.71"
"3249","3248","2.05"
"3250","3249","1.09"
"3251","3250","1.72"
"3252","3251","1.67"
"3253","3252","2.22"
"3254","3253","0.92"
"3255","3254","1.24"
"3256","3255","1.88"
"3257","3256","0.84"
"3258","3257","1.33"
"3259","3258","1.35"
"3260","3259","1.08"
"3261","3260","1.31"
"3262","3261","0.68"
"3263","3262","1.38"
"3264","3263","1.3"
"3265","3264","1.88"
"3266","3265","0.68"
"3267","3266","1.69"
"3268","3267","1.16"
"3269","3268","1.64"
"3270","3269","1.58"
"3271","3270","1.03"
"3272","3271","1.45"
"3273","3272","1.23"
"3274","3273","1.84"
"3275","3274","1.49"
"3276","3275","1.15"
"3277","3276","1.51"
"3278","3277","1.8"
"3279","3278","1.07"
"3280","3279","1.77"
"3281","3280","2.04"
"3282","3281","1.24"
"3283","3282","0.6"
"3284","3283","1.8"
"3285","3284","1.26"
"3286","3285","0.77"
"3287","3286","1.32"
"3288","3287","1.1"
"3289","3288","1.96"
"3290","3289","0.91"
"3291","3290","1.15"
"3292","3291","0.83"
"3293","3292","0.82"
"3294","3293","1.39"
"3295","3294","2.34"
"3296","3295","1.56"
"3297","3296","1.63"
"3298","3297","1.99"
"3299","3298","2.27"
"3300","3299","1.83"
"3301","3300","0.99"
"3302","3301","1.92"
"3303","3302","1.6"
"3304","3303","1.98"
"3305","3304","1.04"
"3306","3305","2.15"
"3307","3306","2.02"
"3308","3307","1.96"
"3309","3308","1.38"
"3310","3309","1.01"
"3311","3310","1.64"
"3312","3311","1.55"
"3313","3312","2.15"
"3314","3313","1.71"
"3315","3314","1.53"
"3316","3315","1.42"
"3317","3316","2.06"
"3318","3317","1.3"
"3319","3318","1.44"
"3320","3319","1.24"
"3321","3320","1.35"
"3322","3321","1.18"
"3323","3322","1.69"
"3324","3323","1.67"
"3325","3324","1.27"
"3326","3325","1.56"
"3327","3326","1.54"
"3328","3327","1.52"
"3329","3328","1.16"
"3330","3329","1.37"
"3331","3330","1.3"
"3332","3331","0.95"
"3333","3332","1.69"
"3334","3333","1.62"
"3335","3334","1.53"
"3336","3335","1.96"
"3337","3336","1.4"
"3338","3337","0.88"
"3339","3338","1.84"
"3340","3339","1.63"
"3341","3340","1.18"
"3342","3341","2.16"
"3343","3342","1.38"
"3344","3343","2.06"
"3345","3344","1.3"
"3346","3345","1.61"
"3347","3346","1.92"
"3348","3347","1.72"
"3349","3348","1.46"
"3350","3349","1.4"
"3351","3350","1.24"
"3352","3351","2.12"
"3353","3352","1.64"
"3354","3353","2.06"
"3355","3354","1.16"
"3356","3355","0.86"
"3357","3356","1.78"
"3358","3357","1.72"
"3359","3358","1.03"
"3360","3359","1.2"
"3361","3360","1.07"
"3362","3361","1.23"
"3363","3362","1.75"
"3364","3363","1.02"
"3365","3364","1.14"
"3366","3365","1.57"
"3367","3366","1.92"
"3368","3367","2.04"
"3369","3368","1.87"
"3370","3369","1.54"
"3371","3370","1.14"
"3372","3371","1.45"
"3373","3372","0.62"
"3374","3373","1.65"
"3375","3374","1.94"
"3376","3375","1.06"
"3377","3376","1.27"
"3378","3377","1.46"
"3379","3378","1.18"
"3380","3379","1.48"
"3381","3380","1.42"
"3382","3381","1.71"
"3383","3382","1.41"
"3384","3383","1.09"
"3385","3384","1.93"
"3386","3385","1.24"
"3387","3386","1.87"
"3388","3387","1.33"
"3389","3388","1.8"
"3390","3389","1.26"
"3391","3390","1.71"
"3392","3391","2.08"
"3393","3392","1.54"
"3394","3393","0.47"
"3395","3394","1.96"
"3396","3395","1.7"
"3397","3396","1.81"
"3398","3397","0.94"
"3399","3398","1.46"
"3400","3399","0.95"
"3401","3400","1.2"
"3402","3401","1.36"
"3403","3402","0.95"
"3404","3403","1.04"
"3405","3404","1.55"
"3406","3405","1.34"
"3407","3406","1.9"
"3408","3407","1.79"
"3409","3408","0.62"
"3410","3409","1.37"
"3411","3410","1.54"
"3412","3411","1.77"
"3413","3412","1.08"
"3414","3413","1.17"
"3415","3414","1.74"
"3416","3415","1.86"
"3417","3416","1.58"
"3418","3417","1.73"
"3419","3418","2.04"
"3420","3419","1.14"
"3421","3420","1.52"
"3422","3421","1.83"
"3423","3422","1.13"
"3424","3423","1.22"
"3425","3424","1.32"
"3426","3425","0.8"
"3427","3426","1.97"
"3428","3427","1.12"
"3429","3428","1.39"
"3430","3429","1.86"
"3431","3430","1.38"
"3432","3431","1.3"
"3433","3432","1.95"
"3434","3433","1.09"
"3435","3434","2.11"
"3436","3435","1.36"
"3437","3436","1.6"
"3438","3437","1.48"
"3439","3438","0.53"
"3440","3439","1.33"
"3441","3440","1.51"
"3442","3441","1.42"
"3443","3442","2.24"
"3444","3443","1.33"
"3445","3444","1.56"
"3446","3445","1.47"
"3447","3446","1.48"
"3448","3447","1.2"
"3449","3448","1.39"
"3450","3449","1.73"
"3451","3450","1.69"
"3452","3451","1.13"
"3453","3452","1.42"
"3454","3453","1.51"
"3455","3454","1.75"
"3456","3455","1.64"
"3457","3456","1.51"
"3458","3457","1.55"
"3459","3458","1.17"
"3460","3459","1.17"
"3461","3460","2.45"
"3462","3461","1.67"
"3463","3462","0.66"
"3464","3463","1.14"
"3465","3464","1.36"
"3466","3465","1.36"
"3467","3466","1.41"
"3468","3467","1.86"
"3469","3468","1.12"
"3470","3469","1.53"
"3471","3470","1.31"
"3472","3471","1.51"
"3473","3472","1.41"
"3474","3473","1.84"
"3475","3474","1.86"
"3476","3475","1.39"
"3477","3476","1.45"
"3478","3477","1.18"
"3479","3478","1.39"
"3480","3479","1.08"
"3481","3480","1.2"
"3482","3481","1.55"
"3483","3482","1.09"
"3484","3483","1.26"
"3485","3484","1.49"
"3486","3485","1.29"
"3487","3486","1.35"
"3488","3487","2.06"
"3489","3488","1.08"
"3490","3489","1.15"
"3491","3490","0.96"
"3492","3491","1.97"
"3493","3492","0.97"
"3494","3493","2.07"
"3495","3494","1.23"
"3496","3495","2.06"
"3497","3496","1.12"
"3498","3497","1.53"
"3499","3498","1.82"
"3500","3499","1.07"
"3501","3500","1.36"
"3502","3501","1.64"
"3503","3502","0.82"
"3504","3503","1.39"
"3505","3504","1.93"
"3506","3505","1.81"
"3507","3506","1.13"
"3508","3507","0.79"
"3509","3508","2.06"
"3510","3509","1.22"
"3511","3510","1.56"
"3512","3511","1.55"
"3513","3512","2.04"
"3514","3513","1.06"
"3515","3514","1.08"
"3516","3515","1.39"
"3517","3516","1.93"
"3518","3517","1.36"
"3519","3518","1.61"
"3520","3519","1.32"
"3521","3520","1.73"
"3522","3521","1.74"
"3523","3522","1.34"
"3524","3523","1.82"
"3525","3524","1.81"
"3526","3525","1.39"
"3527","3526","1.89"
"3528","3527","0.44"
"3529","3528","1.06"
"3530","3529","1.66"
"3531","3530","1.65"
"3532","3531","1.29"
"3533","3532","1.09"
"3534","3533","1.93"
"3535","3534","1.15"
"3536","3535","1.25"
"3537","3536","1.46"
"3538","3537","0.78"
"3539","3538","1.65"
"3540","3539","0.7"
"3541","3540","1.56"
"3542","3541","1.4"
"3543","3542","1.17"
"3544","3543","2.15"
"3545","3544","1.24"
"3546","3545","1.75"
"3547","3546","1.59"
"3548","3547","1.57"
"3549","3548","0.85"
"3550","3549","1.08"
"3551","3550","1.42"
"3552","3551","1.24"
"3553","3552","1.62"
"3554","3553","1.46"
"3555","3554","1.6"
"3556","3555","1.42"
"3557","3556","1.65"
"3558","3557","1.77"
"3559","3558","1.5"
"3560","3559","1.33"
"3561","3560","1.16"
"3562","3561","1.89"
"3563","3562","1.25"
"3564","3563","1.36"
"3565","3564","1.04"
"3566","3565","2.18"
"3567","3566","1.26"
"3568","3567","1.35"
"3569","3568","1.17"
"3570","3569","1.82"
"3571","3570","0.9"
"3572","3571","1.67"
"3573","3572","1.14"
"3574","3573","0.95"
"3575","3574","1.83"
"3576","3575","1.25"
"3577","3576","1.99"
"3578","3577","1.41"
"3579","3578","1.1"
"3580","3579","1.5"
"3581","3580","1.05"
"3582","3581","1.19"
"3583","3582","1.31"
"3584","3583","1.83"
"3585","3584","1.65"
"3586","3585","2.06"
"3587","3586","1.32"
"3588","3587","1.12"
"3589","3588","2.08"
"3590","3589","1.06"
"3591","3590","1.28"
"3592","3591","1.81"
"3593","3592","1.68"
"3594","3593","0.89"
"3595","3594","1.41"
"3596","3595","0.53"
"3597","3596","1.79"
"3598","3597","0.48"
"3599","3598","1.64"
"3600","3599","1.72"
"3601","3600","1.49"
"3602","3601","1.61"
"3603","3602","2.26"
"3604","3603","1.84"
"3605","3604","1.93"
"3606","3605","1.85"
"3607","3606","1.59"
"3608","3607","1.28"
"3609","3608","1.6"
"3610","3609","1.58"
"3611","3610","1.49"
"3612","3611","1.96"
"3613","3612","1.58"
"3614","3613","1.76"
"3615","3614","0.87"
"3616","3615","1.37"
"3617","3616","1.44"
"3618","3617","1.89"
"3619","3618","1.5"
"3620","3619","2"
"3621","3620","1.48"
"3622","3621","1.01"
"3623","3622","1.51"
"3624","3623","1.25"
"3625","3624","1.63"
"3626","3625","1.51"
"3627","3626","1.52"
"3628","3627","1.09"
"3629","3628","0.97"
"3630","3629","1.27"
"3631","3630","1.58"
"3632","3631","1.47"
"3633","3632","1.98"
"3634","3633","1.02"
"3635","3634","1.43"
"3636","3635","0.97"
"3637","3636","0.75"
"3638","3637","1.53"
"3639","3638","1.53"
"3640","3639","1.31"
"3641","3640","1.11"
"3642","3641","1.93"
"3643","3642","2"
"3644","3643","1.11"
"3645","3644","1.06"
"3646","3645","1.76"
"3647","3646","1.43"
"3648","3647","1.31"
"3649","3648","0.87"
"3650","3649","1.77"
"3651","3650","2"
"3652","3651","1.75"
"3653","3652","0.94"
"3654","3653","1.63"
"3655","3654","1.85"
"3656","3655","1.35"
"3657","3656","1.53"
"3658","3657","1.39"
"3659","3658","1.63"
"3660","3659","1.84"
"3661","3660","1.86"
"3662","3661","1.39"
"3663","3662","1.64"
"3664","3663","1.57"
"3665","3664","1.95"
"3666","3665","0.91"
"3667","3666","1.42"
"3668","3667","1.02"
"3669","3668","1.37"
"3670","3669","1.13"
"3671","3670","1"
"3672","3671","1.03"
"3673","3672","1.11"
"3674","3673","2.13"
"3675","3674","1.94"
"3676","3675","1.56"
"3677","3676","1.05"
"3678","3677","1.73"
"3679","3678","1.59"
"3680","3679","1.5"
"3681","3680","1.6"
"3682","3681","1.49"
"3683","3682","1.17"
"3684","3683","1.83"
"3685","3684","1.57"
"3686","3685","1.55"
"3687","3686","1.74"
"3688","3687","1.45"
"3689","3688","1.37"
"3690","3689","1.37"
"3691","3690","1.49"
"3692","3691","1.92"
"3693","3692","1.11"
"3694","3693","0.8"
"3695","3694","1.56"
"3696","3695","1.14"
"3697","3696","1.48"
"3698","3697","0.93"
"3699","3698","1.51"
"3700","3699","1.71"
"3701","3700","1.17"
"3702","3701","1.82"
"3703","3702","1.69"
"3704","3703","2.11"
"3705","3704","1.42"
"3706","3705","1.63"
"3707","3706","1.27"
"3708","3707","1.07"
"3709","3708","1.14"
"3710","3709","1.73"
"3711","3710","1.9"
"3712","3711","1.8"
"3713","3712","1.47"
"3714","3713","1.78"
"3715","3714","1.38"
"3716","3715","1.3"
"3717","3716","1.65"
"3718","3717","1.51"
"3719","3718","1.48"
"3720","3719","1.28"
"3721","3720","1.36"
"3722","3721","0.91"
"3723","3722","1.75"
"3724","3723","1.74"
"3725","3724","1.14"
"3726","3725","1.33"
"3727","3726","0.99"
"3728","3727","1.36"
"3729","3728","1.01"
"3730","3729","1.15"
"3731","3730","1.83"
"3732","3731","1.41"
"3733","3732","1.38"
"3734","3733","1.91"
"3735","3734","1.53"
"3736","3735","0.96"
"3737","3736","1.27"
"3738","3737","2.1"
"3739","3738","1.83"
"3740","3739","1.07"
"3741","3740","1.23"
"3742","3741","1.61"
"3743","3742","1.89"
"3744","3743","1.13"
"3745","3744","1.69"
"3746","3745","0.94"
"3747","3746","0.99"
"3748","3747","1.66"
"3749","3748","2.16"
"3750","3749","1.73"
"3751","3750","1.62"
"3752","3751","1.81"
"3753","3752","1.4"
"3754","3753","1.63"
"3755","3754","1.88"
"3756","3755","1.06"
"3757","3756","1.76"
"3758","3757","1.52"
"3759","3758","1.55"
"3760","3759","0.7"
"3761","3760","2.01"
"3762","3761","0.62"
"3763","3762","1.17"
"3764","3763","1.42"
"3765","3764","0.99"
"3766","3765","1.19"
"3767","3766","2.25"
"3768","3767","0.4"
"3769","3768","1.49"
"3770","3769","1.66"
"3771","3770","0.75"
"3772","3771","1.16"
"3773","3772","1.36"
"3774","3773","1.66"
"3775","3774","1.3"
"3776","3775","1.15"
"3777","3776","1.78"
"3778","3777","1.88"
"3779","3778","0.88"
"3780","3779","1.53"
"3781","3780","1.57"
"3782","3781","1.4"
"3783","3782","1.88"
"3784","3783","1.41"
"3785","3784","0.72"
"3786","3785","1.4"
"3787","3786","1.01"
"3788","3787","1.86"
"3789","3788","1.78"
"3790","3789","0.74"
"3791","3790","1.65"
"3792","3791","1.63"
"3793","3792","1.23"
"3794","3793","1.33"
"3795","3794","1.15"
"3796","3795","1.42"
"3797","3796","2.56"
"3798","3797","1.18"
"3799","3798","1.25"
"3800","3799","1.72"
"3801","3800","1.45"
"3802","3801","1.31"
"3803","3802","1.86"
"3804","3803","1.04"
"3805","3804","1.68"
"3806","3805","1.97"
"3807","3806","1.62"
"3808","3807","1.57"
"3809","3808","1.37"
"3810","3809","1.89"
"3811","3810","1.25"
"3812","3811","2.06"
"3813","3812","1.33"
"3814","3813","1.65"
"3815","3814","1.36"
"3816","3815","1.17"
"3817","3816","2.36"
"3818","3817","0.93"
"3819","3818","1.61"
"3820","3819","1.88"
"3821","3820","1.26"
"3822","3821","1.58"
"3823","3822","1.67"
"3824","3823","1.2"
"3825","3824","0.72"
"3826","3825","1.41"
"3827","3826","1.5"
"3828","3827","1.42"
"3829","3828","1.71"
"3830","3829","1.32"
"3831","3830","1.42"
"3832","3831","1.56"
"3833","3832","1.31"
"3834","3833","0.84"
"3835","3834","1.64"
"3836","3835","1.45"
"3837","3836","1.43"
"3838","3837","1.15"
"3839","3838","2.11"
"3840","3839","2.06"
"3841","3840","1.54"
"3842","3841","1.5"
"3843","3842","1.07"
"3844","3843","1.67"
"3845","3844","1.28"
"3846","3845","1.48"
"3847","3846","1.9"
"3848","3847","2.37"
"3849","3848","1.58"
"3850","3849","1.22"
"3851","3850","1.22"
"3852","3851","1.44"
"3853","3852","0.72"
"3854","3853","1.51"
"3855","3854","1.41"
"3856","3855","1.53"
"3857","3856","1.45"
"3858","3857","1.22"
"3859","3858","1.28"
"3860","3859","2.12"
"3861","3860","0.94"
"3862","3861","1.44"
"3863","3862","1.23"
"3864","3863","1.14"
"3865","3864","1.15"
"3866","3865","1.54"
"3867","3866","1.52"
"3868","3867","1.91"
"3869","3868","1.61"
"3870","3869","1.37"
"3871","3870","1.51"
"3872","3871","1.22"
"3873","3872","1.5"
"3874","3873","2.44"
"3875","3874","1.45"
"3876","3875","1.75"
"3877","3876","1.64"
"3878","3877","1.15"
"3879","3878","1.86"
"3880","3879","1.96"
"3881","3880","1.6"
"3882","3881","1.73"
"3883","3882","1.62"
"3884","3883","1.26"
"3885","3884","1.94"
"3886","3885","1.64"
"3887","3886","2.32"
"3888","3887","1.71"
"3889","3888","1.51"
"3890","3889","2.02"
"3891","3890","1.72"
"3892","3891","1.33"
"3893","3892","1.32"
"3894","3893","1.36"
"3895","3894","1.93"
"3896","3895","1.56"
"3897","3896","1.33"
"3898","3897","1.33"
"3899","3898","1.13"
"3900","3899","1.34"
"3901","3900","1.78"
"3902","3901","0.93"
"3903","3902","1.53"
"3904","3903","2.33"
"3905","3904","1.58"
"3906","3905","1.63"
"3907","3906","1.45"
"3908","3907","1.49"
"3909","3908","1.52"
"3910","3909","1.51"
"3911","3910","1.67"
"3912","3911","1.69"
"3913","3912","1.59"
"3914","3913","1.47"
"3915","3914","1.37"
"3916","3915","2.1"
"3917","3916","0.9"
"3918","3917","1.79"
"3919","3918","1.6"
"3920","3919","1.73"
"3921","3920","1.63"
"3922","3921","1.47"
"3923","3922","1.68"
"3924","3923","1.97"
"3925","3924","2.27"
"3926","3925","1.51"
"3927","3926","1.31"
"3928","3927","1.99"
"3929","3928","1.19"
"3930","3929","1.34"
"3931","3930","1.45"
"3932","3931","1.73"
"3933","3932","1.43"
"3934","3933","1.23"
"3935","3934","1.39"
"3936","3935","1.3"
"3937","3936","1.89"
"3938","3937","1.69"
"3939","3938","1.07"
"3940","3939","1.98"
"3941","3940","1.4"
"3942","3941","1.47"
"3943","3942","1.41"
"3944","3943","1.64"
"3945","3944","0.82"
"3946","3945","1.56"
"3947","3946","0.98"
"3948","3947","1.4"
"3949","3948","1.32"
"3950","3949","1.62"
"3951","3950","1.79"
"3952","3951","1.76"
"3953","3952","1.09"
"3954","3953","1.53"
"3955","3954","1.55"
"3956","3955","1.75"
"3957","3956","1.52"
"3958","3957","1.62"
"3959","3958","1.71"
"3960","3959","0.98"
"3961","3960","1.6"
"3962","3961","1.69"
"3963","3962","1.29"
"3964","3963","1.69"
"3965","3964","1.3"
"3966","3965","1.11"
"3967","3966","1.49"
"3968","3967","1.13"
"3969","3968","1.36"
"3970","3969","1.82"
"3971","3970","1.35"
"3972","3971","2.29"
"3973","3972","1.15"
"3974","3973","1.63"
"3975","3974","1.88"
"3976","3975","1.09"
"3977","3976","0.65"
"3978","3977","1.24"
"3979","3978","1"
"3980","3979","1.78"
"3981","3980","1.71"
"3982","3981","1.24"
"3983","3982","1.36"
"3984","3983","1.42"
"3985","3984","1.88"
"3986","3985","1.68"
"3987","3986","1.36"
"3988","3987","1.71"
"3989","3988","1.35"
"3990","3989","1.11"
"3991","3990","1.22"
"3992","3991","1.46"
"3993","3992","1.11"
"3994","3993","1.03"
"3995","3994","1.71"
"3996","3995","0.99"
"3997","3996","1.4"
"3998","3997","1.26"
"3999","3998","1.71"
"4000","3999","1.16"
"4001","4000","1.2"
"4002","4001","1.46"
"4003","4002","1.69"
"4004","4003","0.65"
"4005","4004","0.9"
"4006","4005","1.03"
"4007","4006","1.71"
"4008","4007","1.47"
"4009","4008","1.38"
"4010","4009","1.19"
"4011","4010","1.52"
"4012","4011","1.49"
"4013","4012","1.52"
"4014","4013","1.42"
"4015","4014","0.94"
"4016","4015","1.09"
"4017","4016","0.99"
"4018","4017","1.33"
"4019","4018","1.18"
"4020","4019","1.32"
"4021","4020","0.69"
"4022","4021","2.43"
"4023","4022","1.87"
"4024","4023","1.85"
"4025","4024","1.62"
"4026","4025","1.38"
"4027","4026","1.89"
"4028","4027","1.71"
"4029","4028","0.67"
"4030","4029","1.12"
"4031","4030","1.91"
"4032","4031","1.57"
"4033","4032","1.71"
"4034","4033","2.05"
"4035","4034","2.47"
"4036","4035","1.02"
"4037","4036","1.39"
"4038","4037","1.36"
"4039","4038","1.55"
"4040","4039","1.8"
"4041","4040","1.31"
"4042","4041","1.42"
"4043","4042","1.19"
"4044","4043","1.61"
"4045","4044","0.98"
"4046","4045","2.01"
"4047","4046","1.79"
"4048","4047","1.46"
"4049","4048","1.73"
"4050","4049","1.83"
"4051","4050","1.75"
"4052","4051","1.09"
"4053","4052","1.83"
"4054","4053","1.73"
"4055","4054","1.62"
"4056","4055","1.72"
"4057","4056","1.21"
"4058","4057","1.66"
"4059","4058","1.16"
"4060","4059","1.83"
"4061","4060","1.45"
"4062","4061","1.09"
"4063","4062","1.02"
"4064","4063","1.53"
"4065","4064","1.52"
"4066","4065","1.44"
"4067","4066","1.79"
"4068","4067","1.82"
"4069","4068","1.33"
"4070","4069","1.72"
"4071","4070","0.75"
"4072","4071","1.21"
"4073","4072","1.64"
"4074","4073","1.51"
"4075","4074","1.01"
"4076","4075","1.52"
"4077","4076","1.04"
"4078","4077","1.71"
"4079","4078","2.13"
"4080","4079","1.69"
"4081","4080","1.42"
"4082","4081","1.05"
"4083","4082","1.18"
"4084","4083","1.67"
"4085","4084","1.3"
"4086","4085","1.6"
"4087","4086","1.43"
"4088","4087","1.04"
"4089","4088","1.11"
"4090","4089","1.42"
"4091","4090","1.47"
"4092","4091","1.46"
"4093","4092","1.55"
"4094","4093","1.61"
"4095","4094","1.66"
"4096","4095","1.25"
"4097","4096","1.51"
"4098","4097","1.39"
"4099","4098","1.72"
"4100","4099","1.39"
"4101","4100","0.55"
"4102","4101","2.11"
"4103","4102","1.75"
"4104","4103","0.96"
"4105","4104","0.96"
"4106","4105","1.3"
"4107","4106","0.89"
"4108","4107","1.9"
"4109","4108","1.4"
"4110","4109","0.99"
"4111","4110","2.34"
"4112","4111","1.4"
"4113","4112","1.49"
"4114","4113","1.84"
"4115","4114","1.5"
"4116","4115","1.79"
"4117","4116","1.84"
"4118","4117","1.59"
"4119","4118","1.53"
"4120","4119","1.08"
"4121","4120","1.49"
"4122","4121","1.46"
"4123","4122","1.39"
"4124","4123","1.95"
"4125","4124","1.16"
"4126","4125","1.14"
"4127","4126","1.73"
"4128","4127","1.17"
"4129","4128","1.54"
"4130","4129","1.19"
"4131","4130","1.55"
"4132","4131","1.94"
"4133","4132","1.56"
"4134","4133","1.22"
"4135","4134","1.72"
"4136","4135","1.63"
"4137","4136","1.19"
"4138","4137","1.49"
"4139","4138","0.54"
"4140","4139","2.03"
"4141","4140","0.96"
"4142","4141","1.84"
"4143","4142","0.93"
"4144","4143","1.94"
"4145","4144","2.23"
"4146","4145","1.38"
"4147","4146","1.13"
"4148","4147","1.12"
"4149","4148","1.02"
"4150","4149","1.92"
"4151","4150","1.07"
"4152","4151","1.31"
"4153","4152","1.18"
"4154","4153","1.62"
"4155","4154","1.81"
"4156","4155","1.42"
"4157","4156","1.52"
"4158","4157","1.38"
"4159","4158","2.15"
"4160","4159","1.26"
"4161","4160","1.4"
"4162","4161","0.99"
"4163","4162","1.19"
"4164","4163","1.61"
"4165","4164","2.16"
"4166","4165","2.38"
"4167","4166","1.22"
"4168","4167","1.1"
"4169","4168","1.79"
"4170","4169","1.83"
"4171","4170","1.49"
"4172","4171","1.43"
"4173","4172","1.4"
"4174","4173","2.34"
"4175","4174","2.2"
"4176","4175","1.35"
"4177","4176","2.05"
"4178","4177","1.09"
"4179","4178","1.02"
"4180","4179","1.84"
"4181","4180","1.62"
"4182","4181","0.9"
"4183","4182","1.89"
"4184","4183","1.36"
"4185","4184","1.47"
"4186","4185","1.68"
"4187","4186","1.16"
"4188","4187","0.73"
"4189","4188","1.9"
"4190","4189","1.89"
"4191","4190","1.32"
"4192","4191","1.52"
"4193","4192","1.13"
"4194","4193","1.62"
"4195","4194","1.99"
"4196","4195","1.46"
"4197","4196","1.9"
"4198","4197","1.67"
"4199","4198","1.47"
"4200","4199","0.93"
"4201","4200","1.08"
"4202","4201","1.99"
"4203","4202","2.14"
"4204","4203","2.41"
"4205","4204","1.94"
"4206","4205","1.89"
"4207","4206","1.93"
"4208","4207","1.23"
"4209","4208","2.19"
"4210","4209","2.03"
"4211","4210","1.6"
"4212","4211","1.64"
"4213","4212","1.97"
"4214","4213","2.26"
"4215","4214","1.95"
"4216","4215","1.09"
"4217","4216","1.64"
"4218","4217","1.6"
"4219","4218","1.3"
"4220","4219","1.26"
"4221","4220","1.72"
"4222","4221","1.2"
"4223","4222","1.45"
"4224","4223","1.32"
"4225","4224","1.53"
"4226","4225","1.37"
"4227","4226","1.76"
"4228","4227","2.47"
"4229","4228","1.56"
"4230","4229","1.2"
"4231","4230","1.66"
"4232","4231","1.34"
"4233","4232","1.37"
"4234","4233","0.97"
"4235","4234","1.19"
"4236","4235","1.79"
"4237","4236","1.67"
"4238","4237","1.8"
"4239","4238","1.5"
"4240","4239","1.14"
"4241","4240","1.74"
"4242","4241","1.53"
"4243","4242","1.61"
"4244","4243","2.07"
"4245","4244","1.23"
"4246","4245","1.29"
"4247","4246","1.29"
"4248","4247","1.44"
"4249","4248","0.81"
"4250","4249","1.16"
"4251","4250","1.8"
"4252","4251","0.94"
"4253","4252","2.06"
"4254","4253","1.58"
"4255","4254","1.15"
"4256","4255","1.54"
"4257","4256","1.15"
"4258","4257","1.73"
"4259","4258","1.45"
"4260","4259","1.39"
"4261","4260","2.15"
"4262","4261","2.11"
"4263","4262","1.54"
"4264","4263","1.75"
"4265","4264","1.87"
"4266","4265","1.1"
"4267","4266","1.41"
"4268","4267","1.75"
"4269","4268","1.63"
"4270","4269","2"
"4271","4270","1.38"
"4272","4271","2.1"
"4273","4272","1.35"
"4274","4273","1.81"
"4275","4274","2.34"
"4276","4275","1.51"
"4277","4276","1.57"
"4278","4277","1.4"
"4279","4278","1.96"
"4280","4279","2.25"
"4281","4280","1.2"
"4282","4281","1.55"
"4283","4282","1.37"
"4284","4283","1.31"
"4285","4284","0.91"
"4286","4285","1.78"
"4287","4286","1.83"
"4288","4287","1.69"
"4289","4288","1.5"
"4290","4289","1.47"
"4291","4290","1.64"
"4292","4291","1.8"
"4293","4292","2.2"
"4294","4293","1.49"
"4295","4294","1.07"