"episode","100 hns base stochastic - _step","100 hns base stochastic - reward"
"1","0","1.3"
"2","1","1.4"
"3","2","2.5"
"4","3","0.3"
"5","4","0.4"
"6","5","1"
"7","6","2.2"
"8","7","1.9"
"9","8","2.5"
"10","9","1"
"11","10","1.4"
"12","11","1.7"
"13","12","1.7"
"14","13","0.3"
"15","14","0.7"
"16","15","-0.2"
"17","16","0.1"
"18","17","0.3"
"19","18","1.2"
"20","19","2.1"
"21","20","2.2"
"22","21","0.5"
"23","22","0.3"
"24","23","1"
"25","24","0.7"
"26","25","2.6"
"27","26","1"
"28","27","1.2"
"29","28","0.9"
"30","29","1.8"
"31","30","0.5"
"32","31","1"
"33","32","0.9"
"34","33","2"
"35","34","1.5"
"36","35","0.2"
"37","36","0.9"
"38","37","0.6"
"39","38","1.4"
"40","39","1.5"
"41","40","0.7"
"42","41","0.3"
"43","42","-1"
"44","43","0.4"
"45","44","0.9"
"46","45","2.8"
"47","46","0.1"
"48","47","0.1"
"49","48","2.5"
"50","49","0.8"
"51","50","1.2"
"52","51","0.9"
"53","52","-0.5"
"54","53","1.3"
"55","54","-0.5"
"56","55","-1"
"57","56","2.6"
"58","57","1.3"
"59","58","1.9"
"60","59","1.9"
"61","60","-0.1"
"62","61","1.1"
"63","62","1.6"
"64","63","0.4"
"65","64","0.3"
"66","65","0.6"
"67","66","0.9"
"68","67","0.6"
"69","68","0.8"
"70","69","0.5"
"71","70","1.6"
"72","71","0.7"
"73","72","0.5"
"74","73","0.6"
"75","74","0"
"76","75","1.1"
"77","76","-0.8"
"78","77","-0.1"
"79","78","-0.1"
"80","79","0.8"
"81","80","0.5"
"82","81","-0.1"
"83","82","0.1"
"84","83","2"
"85","84","1.1"
"86","85","0"
"87","86","1.1"
"88","87","0.9"
"89","88","2"
"90","89","-0.4"
"91","90","0.8"
"92","91","1.2"
"93","92","3"
"94","93","1.3"
"95","94","1"
"96","95","2"
"97","96","-0.4"
"98","97","0.8"
"99","98","2.7"
"100","99","0.5"
"101","100","1.1"
"102","101","0.8"
"103","102","1"
"104","103","1.8"
"105","104","1.1"
"106","105","0.8"
"107","106","1.1"
"108","107","2.8"
"109","108","2.6"
"110","109","0.8"
"111","110","-0.2"
"112","111","1"
"113","112","0.5"
"114","113","2.2"
"115","114","1.4"
"116","115","0.7"
"117","116","2.3"
"118","117","0.3"
"119","118","2"
"120","119","0.9"
"121","120","-1.2"
"122","121","2.6"
"123","122","1.5"
"124","123","1.2"
"125","124","-0.6"
"126","125","-0.4"
"127","126","1"
"128","127","0.5"
"129","128","1.8"
"130","129","0.9"
"131","130","1.5"
"132","131","1.1"
"133","132","-0.9"
"134","133","0"
"135","134","0.5"
"136","135","1.7"
"137","136","0.9"
"138","137","0.4"
"139","138","0.5"
"140","139","1"
"141","140","1.3"
"142","141","0.5"
"143","142","1.8"
"144","143","0.6"
"145","144","0.9"
"146","145","-0.1"
"147","146","0.8"
"148","147","1.8"
"149","148","1.8"
"150","149","1.2"
"151","150","0.8"
"152","151","0.8"
"153","152","-0.7"
"154","153","1"
"155","154","2.1"
"156","155","1.9"
"157","156","2.8"
"158","157","2.1"
"159","158","0.6"
"160","159","0.7"
"161","160","0.6"
"162","161","1.3"
"163","162","0.7"
"164","163","2.2"
"165","164","2"
"166","165","0.4"
"167","166","-0.1"
"168","167","0.9"
"169","168","3.2"
"170","169","1.2"
"171","170","1.1"
"172","171","1.8"
"173","172","2.3"
"174","173","1.5"
"175","174","1.4"
"176","175","0"
"177","176","2.4"
"178","177","0.9"
"179","178","1.2"
"180","179","1.6"
"181","180","2"
"182","181","-0.7"
"183","182","1.8"
"184","183","-0.1"
"185","184","0.3"
"186","185","0.8"
"187","186","1"
"188","187","2.5"
"189","188","4.4"
"190","189","2.6"
"191","190","3.7"
"192","191","0.7"
"193","192","1.5"
"194","193","2.9"
"195","194","0.3"
"196","195","0.8"
"197","196","0.8"
"198","197","3"
"199","198","2.6"
"200","199","1.8"
"201","200","-0.5"
"202","201","2"
"203","202","2"
"204","203","2.2"
"205","204","0.6"
"206","205","0.2"
"207","206","2.1"
"208","207","1.1"
"209","208","0.2"
"210","209","1.9"
"211","210","-0.2"
"212","211","0.7"
"213","212","0"
"214","213","0.8"
"215","214","1.6"
"216","215","0"
"217","216","0.8"
"218","217","1.7"
"219","218","2.3"
"220","219","1.5"
"221","220","1.1"
"222","221","2.7"
"223","222","1.9"
"224","223","2.5"
"225","224","2"
"226","225","1.3"
"227","226","4.2"
"228","227","4.2"
"229","228","1.3"
"230","229","0"
"231","230","0.5"
"232","231","1.5"
"233","232","0.5"
"234","233","2.4"
"235","234","2.5"
"236","235","0.6"
"237","236","3"
"238","237","3"
"239","238","2.7"
"240","239","0.5"
"241","240","3.3"
"242","241","3.3"
"243","242","-0.9"
"244","243","3"
"245","244","-0.8"
"246","245","1.5"
"247","246","-0.1"
"248","247","2.2"
"249","248","0.9"
"250","249","0.7"
"251","250","2"
"252","251","1"
"253","252","3"
"254","253","2.5"
"255","254","0.4"
"256","255","1.8"
"257","256","0.9"
"258","257","1.7"
"259","258","0.1"
"260","259","1.5"
"261","260","3.1"
"262","261","2.4"
"263","262","1.5"
"264","263","1.3"
"265","264","1.8"
"266","265","6.2"
"267","266","2.5"
"268","267","1.5"
"269","268","-0.5"
"270","269","2"
"271","270","-0.8"
"272","271","0.8"
"273","272","2.1"
"274","273","2.4"
"275","274","0.8"
"276","275","1.1"
"277","276","3.3"
"278","277","0.4"
"279","278","1.1"
"280","279","3.2"
"281","280","3.6"
"282","281","3.5"
"283","282","1.6"
"284","283","1.5"
"285","284","1.1"
"286","285","1.8"
"287","286","2.7"
"288","287","3.6"
"289","288","1.6"
"290","289","3.2"
"291","290","1"
"292","291","1.2"
"293","292","0.8"
"294","293","4"
"295","294","2"
"296","295","0.3"
"297","296","1.2"
"298","297","-0.8"
"299","298","1.3"
"300","299","0.3"
"301","300","0.9"
"302","301","1.9"
"303","302","1.2"
"304","303","3.5"
"305","304","1.6"
"306","305","-0.5"
"307","306","0.2"
"308","307","3.7"
"309","308","2.1"
"310","309","-0.1"
"311","310","0.7"
"312","311","3.2"
"313","312","1.1"
"314","313","1.7"
"315","314","0.6"
"316","315","1.3"
"317","316","0.3"
"318","317","1.6"
"319","318","2.8"
"320","319","5.1"
"321","320","1.9"
"322","321","1.2"
"323","322","1.4"
"324","323","2.8"
"325","324","2"
"326","325","2.1"
"327","326","2.3"
"328","327","2.9"
"329","328","1.4"
"330","329","-0.3"
"331","330","4.1"
"332","331","3.4"
"333","332","0.5"
"334","333","2.4"
"335","334","2.4"
"336","335","0.9"
"337","336","3.6"
"338","337","1.9"
"339","338","1.6"
"340","339","1"
"341","340","0.7"
"342","341","2.8"
"343","342","1.9"
"344","343","1.7"
"345","344","1.2"
"346","345","0.9"
"347","346","2.9"
"348","347","1.9"
"349","348","1.3"
"350","349","0.2"
"351","350","3.4"
"352","351","2.8"
"353","352","2.7"
"354","353","2.9"
"355","354","3.7"
"356","355","0.2"
"357","356","1.6"
"358","357","4.4"
"359","358","1.2"
"360","359","1.8"
"361","360","3.3"
"362","361","1.1"
"363","362","2.6"
"364","363","2"
"365","364","1.3"
"366","365","3.9"
"367","366","2.6"
"368","367","1.6"
"369","368","2"
"370","369","1.7"
"371","370","3"
"372","371","2.2"
"373","372","1.9"
"374","373","1"
"375","374","0.6"
"376","375","1.2"
"377","376","1.5"
"378","377","2.1"
"379","378","3.2"
"380","379","2"
"381","380","0.5"
"382","381","1.2"
"383","382","2"
"384","383","1.1"
"385","384","1.9"
"386","385","1.4"
"387","386","1.8"
"388","387","0.6"
"389","388","0.6"
"390","389","1.4"
"391","390","4.3"
"392","391","2.3"
"393","392","1.9"
"394","393","0.8"
"395","394","2.7"
"396","395","1.6"
"397","396","1.8"
"398","397","2.2"
"399","398","2.2"
"400","399","2.2"
"401","400","-1.3"
"402","401","2"
"403","402","2.6"
"404","403","2.1"
"405","404","1.5"
"406","405","-0.3"
"407","406","2.1"
"408","407","2.5"
"409","408","0.6"
"410","409","1.9"
"411","410","3"
"412","411","0.5"
"413","412","1.2"
"414","413","1.9"
"415","414","5.3"
"416","415","1.1"
"417","416","0.5"
"418","417","3.5"
"419","418","2.8"
"420","419","3.5"
"421","420","1.4"
"422","421","0.1"
"423","422","1.2"
"424","423","-0.3"
"425","424","3.4"
"426","425","3.7"
"427","426","1"
"428","427","1.2"
"429","428","1.5"
"430","429","2.1"
"431","430","0.4"
"432","431","1.6"
"433","432","2"
"434","433","0.9"
"435","434","1.1"
"436","435","2.5"
"437","436","3.8"
"438","437","1.3"
"439","438","1"
"440","439","3.3"
"441","440","1.9"
"442","441","2.4"
"443","442","2.5"
"444","443","1"
"445","444","0.5"
"446","445","3.9"
"447","446","3.8"
"448","447","-3.6"
"449","448","4.6"
"450","449","2.2"
"451","450","1.8"
"452","451","7"
"453","452","1.3"
"454","453","2.4"
"455","454","1.8"
"456","455","3.5"
"457","456","1.3"
"458","457","2.7"
"459","458","1.7"
"460","459","3.9"
"461","460","0.2"
"462","461","2.3"
"463","462","3.2"
"464","463","0.9"
"465","464","2.1"
"466","465","1.4"
"467","466","2.1"
"468","467","3.3"
"469","468","2"
"470","469","2.8"
"471","470","4.1"
"472","471","0.6"
"473","472","2.6"
"474","473","3.6"
"475","474","1"
"476","475","3.3"
"477","476","1.3"
"478","477","4.9"
"479","478","2.8"
"480","479","0.7"
"481","480","3.2"
"482","481","-0.5"
"483","482","0.7"
"484","483","4.1"
"485","484","1.5"
"486","485","2.1"
"487","486","1"
"488","487","2.1"
"489","488","2.1"
"490","489","1.1"
"491","490","2.7"
"492","491","0.9"
"493","492","1.4"
"494","493","2.3"
"495","494","3.2"
"496","495","3.8"
"497","496","6.3"
"498","497","2.1"
"499","498","1.8"
"500","499","2.1"
"501","500","0.8"
"502","501","-0.6"
"503","502","3.6"
"504","503","1.2"
"505","504","0.4"
"506","505","-0.3"
"507","506","3.2"
"508","507","2.2"
"509","508","2.6"
"510","509","1.3"
"511","510","1.7"
"512","511","1.3"
"513","512","3.3"
"514","513","2.2"
"515","514","2.7"
"516","515","1.1"
"517","516","4.8"
"518","517","4.6"
"519","518","0.1"
"520","519","1.1"
"521","520","0.6"
"522","521","-1.4"
"523","522","3.3"
"524","523","1.6"
"525","524","3.5"
"526","525","-0.7"
"527","526","0.6"
"528","527","4.2"
"529","528","2"
"530","529","2.5"
"531","530","2.7"
"532","531","2.3"
"533","532","2.8"
"534","533","1.1"
"535","534","3.2"
"536","535","0.4"
"537","536","4.8"
"538","537","2.1"
"539","538","-0.4"
"540","539","2.5"
"541","540","0.6"
"542","541","0.9"
"543","542","1.6"
"544","543","1.1"
"545","544","2.9"
"546","545","4.2"
"547","546","0.2"
"548","547","0.4"
"549","548","1.8"
"550","549","1.6"
"551","550","0.1"
"552","551","3.7"
"553","552","2.3"
"554","553","-0.2"
"555","554","3.1"
"556","555","3"
"557","556","0.3"
"558","557","0.5"
"559","558","6.5"
"560","559","1"
"561","560","0"
"562","561","2.7"
"563","562","1.6"
"564","563","3.4"
"565","564","2.7"
"566","565","5.2"
"567","566","0.7"
"568","567","2.1"
"569","568","2.8"
"570","569","2.8"
"571","570","2.8"
"572","571","1.6"
"573","572","5.3"
"574","573","1.9"
"575","574","3.5"
"576","575","3.5"
"577","576","0.8"
"578","577","3.7"
"579","578","2"
"580","579","1"
"581","580","2.6"
"582","581","1.7"
"583","582","2.6"
"584","583","1.5"
"585","584","0.3"
"586","585","2.5"
"587","586","0.9"
"588","587","3.5"
"589","588","4.2"
"590","589","2"
"591","590","1.6"
"592","591","2.7"
"593","592","1.7"
"594","593","1.8"
"595","594","3.7"
"596","595","0.4"
"597","596","3.4"
"598","597","2.3"
"599","598","1.3"
"600","599","0.4"
"601","600","1.3"
"602","601","3.5"
"603","602","4.1"
"604","603","5.2"
"605","604","-0.7"
"606","605","1.6"
"607","606","1"
"608","607","1.7"
"609","608","3.2"
"610","609","3.3"
"611","610","2.2"
"612","611","0.4"
"613","612","2.3"
"614","613","1.5"
"615","614","2.5"
"616","615","4.5"
"617","616","2.2"
"618","617","1.5"
"619","618","3.4"
"620","619","2.1"
"621","620","0.7"
"622","621","1.4"
"623","622","3.6"
"624","623","0.4"
"625","624","4.4"
"626","625","2"
"627","626","0.3"
"628","627","2.2"
"629","628","5.8"
"630","629","6.1"
"631","630","-1"
"632","631","3.5"
"633","632","-0.2"
"634","633","2.2"
"635","634","-0.4"
"636","635","0.8"
"637","636","4.9"
"638","637","2.6"
"639","638","2.9"
"640","639","-0.9"
"641","640","-0.3"
"642","641","0.4"
"643","642","5"
"644","643","-0.1"
"645","644","2.7"
"646","645","1.5"
"647","646","4.1"
"648","647","4.3"
"649","648","2.6"
"650","649","5.3"
"651","650","3"
"652","651","4.7"
"653","652","3.5"
"654","653","0.7"
"655","654","1.6"
"656","655","2.3"
"657","656","1.2"
"658","657","0.8"
"659","658","0.2"
"660","659","1.5"
"661","660","2.5"
"662","661","1.3"
"663","662","2.9"
"664","663","0"
"665","664","0"
"666","665","4"
"667","666","1.6"
"668","667","2.5"
"669","668","3.4"
"670","669","1.8"
"671","670","2.9"
"672","671","3.7"
"673","672","2.7"
"674","673","2.7"
"675","674","2.2"
"676","675","2.3"
"677","676","2"
"678","677","0.6"
"679","678","4.5"
"680","679","1.1"
"681","680","4.4"
"682","681","3.8"
"683","682","-0.2"
"684","683","4.3"
"685","684","0.6"
"686","685","3.3"
"687","686","3.7"
"688","687","0.7"
"689","688","3.6"
"690","689","0.3"
"691","690","2.4"
"692","691","1"
"693","692","3.4"
"694","693","2.1"
"695","694","0.9"
"696","695","-3.1"
"697","696","0.2"
"698","697","0.8"
"699","698","0.4"
"700","699","3.3"
"701","700","0.9"
"702","701","5.1"
"703","702","2.5"
"704","703","3.2"
"705","704","0.3"
"706","705","0.5"
"707","706","1.4"
"708","707","3.3"
"709","708","2.2"
"710","709","2.2"
"711","710","2.7"
"712","711","0.6"
"713","712","1.6"
"714","713","-0.4"
"715","714","2.7"
"716","715","5.9"
"717","716","5.1"
"718","717","2.3"
"719","718","1.5"
"720","719","1.4"
"721","720","0.8"
"722","721","0.6"
"723","722","1.8"
"724","723","3.5"
"725","724","2.9"
"726","725","0.9"
"727","726","3.2"
"728","727","3.5"
"729","728","5.3"
"730","729","1.7"
"731","730","1.6"
"732","731","2.2"
"733","732","2.6"
"734","733","2.5"
"735","734","1.8"
"736","735","1.9"
"737","736","3.3"
"738","737","1.1"
"739","738","3.9"
"740","739","3.1"
"741","740","4.4"
"742","741","2"
"743","742","-0.8"
"744","743","4"
"745","744","4.5"
"746","745","2.6"
"747","746","0.6"
"748","747","2.9"
"749","748","0.4"
"750","749","2.5"
"751","750","0.4"
"752","751","3"
"753","752","4.5"
"754","753","2.1"
"755","754","-0.1"
"756","755","4.2"
"757","756","6"
"758","757","1"
"759","758","2.5"
"760","759","1"
"761","760","1.8"
"762","761","2.8"
"763","762","0.7"
"764","763","0.2"
"765","764","3.3"
"766","765","2.6"
"767","766","1.3"
"768","767","1.2"
"769","768","-1.1"
"770","769","2.3"
"771","770","2.1"
"772","771","3.6"
"773","772","6"
"774","773","3.2"
"775","774","3.2"
"776","775","5"
"777","776","1.2"
"778","777","2.3"
"779","778","0.9"
"780","779","0.4"
"781","780","1.5"
"782","781","1.6"
"783","782","1.2"
"784","783","4.6"
"785","784","4.9"
"786","785","0.5"
"787","786","2.3"
"788","787","2.2"
"789","788","-0.8"
"790","789","3.8"
"791","790","3.2"
"792","791","1"
"793","792","2.4"
"794","793","3"
"795","794","1.6"
"796","795","0.7"
"797","796","3.1"
"798","797","1.3"
"799","798","2.9"
"800","799","2.1"
"801","800","2.7"
"802","801","2.3"
"803","802","-0.2"
"804","803","2.1"
"805","804","3"
"806","805","1.3"
"807","806","3.8"
"808","807","-0.9"
"809","808","2.3"
"810","809","1.9"
"811","810","2.1"
"812","811","2.5"
"813","812","2"
"814","813","2.7"
"815","814","1.5"
"816","815","3.1"
"817","816","2.1"
"818","817","2.2"
"819","818","2.3"
"820","819","2.9"
"821","820","1.6"
"822","821","2.2"
"823","822","4"
"824","823","-3"
"825","824","4.2"
"826","825","2"
"827","826","4"
"828","827","0.8"
"829","828","4.5"
"830","829","2.4"
"831","830","0.6"
"832","831","2.4"
"833","832","0.9"
"834","833","1.1"
"835","834","1.6"
"836","835","2.5"
"837","836","4.1"
"838","837","3.8"
"839","838","-0.3"
"840","839","1.8"
"841","840","4.8"
"842","841","0.9"
"843","842","1.5"
"844","843","2.4"
"845","844","4.2"
"846","845","2"
"847","846","3.9"
"848","847","6.6"
"849","848","3.3"
"850","849","4.3"
"851","850","-0.3"
"852","851","2.1"
"853","852","2.1"
"854","853","1.5"
"855","854","4.7"
"856","855","2.7"
"857","856","6.6"
"858","857","1.6"
"859","858","2.6"
"860","859","-0.1"
"861","860","-0.3"
"862","861","1.3"
"863","862","2"
"864","863","3.3"
"865","864","1"
"866","865","2"
"867","866","4.9"
"868","867","1"
"869","868","1.7"
"870","869","0.3"
"871","870","2"
"872","871","0"
"873","872","1.7"
"874","873","2.7"
"875","874","2.4"
"876","875","5.1"
"877","876","2.2"
"878","877","0.7"
"879","878","2.6"
"880","879","2.2"
"881","880","0.6"
"882","881","1.8"
"883","882","0.2"
"884","883","0.9"
"885","884","1.9"
"886","885","0.6"
"887","886","2.1"
"888","887","3.1"
"889","888","4.1"
"890","889","0.1"
"891","890","2.9"
"892","891","-1.2"
"893","892","3.5"
"894","893","2.1"
"895","894","1.6"
"896","895","1.7"
"897","896","0.1"
"898","897","-0.2"
"899","898","3"
"900","899","0.9"
"901","900","3.1"
"902","901","2.3"
"903","902","3"
"904","903","1.8"
"905","904","1.6"
"906","905","0.1"
"907","906","2.5"
"908","907","4.6"
"909","908","2.3"
"910","909","0"
"911","910","2.2"
"912","911","1"
"913","912","1"
"914","913","4.5"
"915","914","0.9"
"916","915","2.5"
"917","916","-0.3"
"918","917","3.6"
"919","918","2.4"
"920","919","4.2"
"921","920","3.3"
"922","921","0.8"
"923","922","-2.8"
"924","923","2.1"
"925","924","1.7"
"926","925","1.5"
"927","926","1.9"
"928","927","2.9"
"929","928","-1.8"
"930","929","2.9"
"931","930","2.2"
"932","931","1"
"933","932","2.4"
"934","933","2.6"
"935","934","2.5"
"936","935","-0.8"
"937","936","3.1"
"938","937","1.9"
"939","938","2"
"940","939","3.5"
"941","940","2.1"
"942","941","0.3"
"943","942","4.6"
"944","943","0.9"
"945","944","4.5"
"946","945","0.1"
"947","946","-1.9"
"948","947","2.1"
"949","948","1.7"
"950","949","3.3"
"951","950","2.6"
"952","951","2.6"
"953","952","4"
"954","953","3.5"
"955","954","2.2"
"956","955","2.9"
"957","956","2.3"
"958","957","1.7"
"959","958","-0.3"
"960","959","2.5"
"961","960","0.1"
"962","961","2.7"
"963","962","1.6"
"964","963","2.9"
"965","964","4.7"
"966","965","1.9"
"967","966","3.4"
"968","967","1.6"
"969","968","3.8"
"970","969","3"
"971","970","3"
"972","971","3.8"
"973","972","4.1"
"974","973","2.5"
"975","974","-1"
"976","975","6.1"
"977","976","2.2"
"978","977","1.2"
"979","978","0.2"
"980","979","0.9"
"981","980","3.7"
"982","981","2.7"
"983","982","5.7"
"984","983","1"
"985","984","2"
"986","985","4.6"
"987","986","3.9"
"988","987","1.5"
"989","988","2.4"
"990","989","2.9"
"991","990","3.1"
"992","991","4.5"
"993","992","1.3"
"994","993","2.1"
"995","994","4.2"
"996","995","1.6"
"997","996","2.1"
"998","997","4"
"999","998","-0.2"
"1000","999","3.5"
"1001","1000","1.3"
"1002","1001","5.1"
"1003","1002","1.7"
"1004","1003","2.9"
"1005","1004","3.3"
"1006","1005","1.2"
"1007","1006","1"
"1008","1007","2.3"
"1009","1008","0.7"
"1010","1009","2.2"
"1011","1010","2"
"1012","1011","6.7"
"1013","1012","0.6"
"1014","1013","1.4"
"1015","1014","0.6"
"1016","1015","4.9"
"1017","1016","6.8"
"1018","1017","1.5"
"1019","1018","3.2"
"1020","1019","3.6"
"1021","1020","0"
"1022","1021","3"
"1023","1022","0.4"
"1024","1023","1.7"
"1025","1024","-0.2"
"1026","1025","4.1"
"1027","1026","2.6"
"1028","1027","-0.2"
"1029","1028","3.1"
"1030","1029","4.2"
"1031","1030","2.8"
"1032","1031","4.4"
"1033","1032","0.6"
"1034","1033","2.7"
"1035","1034","1.6"
"1036","1035","1.4"
"1037","1036","5.5"
"1038","1037","2.9"
"1039","1038","2.1"
"1040","1039","1.1"
"1041","1040","3.5"
"1042","1041","4.2"
"1043","1042","2.7"
"1044","1043","2.1"
"1045","1044","1.6"
"1046","1045","1.7"
"1047","1046","2.6"
"1048","1047","0.5"
"1049","1048","6.3"
"1050","1049","1"
"1051","1050","2.5"
"1052","1051","1.7"
"1053","1052","4.7"
"1054","1053","3.7"
"1055","1054","2"
"1056","1055","2.1"
"1057","1056","1.7"
"1058","1057","1.1"
"1059","1058","2.8"
"1060","1059","-0.1"
"1061","1060","6.1"
"1062","1061","1"
"1063","1062","1.6"
"1064","1063","0.7"
"1065","1064","6.3"
"1066","1065","4.3"
"1067","1066","-0.1"
"1068","1067","4.4"
"1069","1068","5.5"
"1070","1069","1.2"
"1071","1070","3"
"1072","1071","0"
"1073","1072","3.1"
"1074","1073","7.5"
"1075","1074","2.3"
"1076","1075","3"
"1077","1076","5.6"
"1078","1077","-0.2"
"1079","1078","-0.4"
"1080","1079","3.4"
"1081","1080","1.9"
"1082","1081","3.7"
"1083","1082","4.3"
"1084","1083","3.5"
"1085","1084","3.8"
"1086","1085","1.6"
"1087","1086","-0.7"
"1088","1087","1.4"
"1089","1088","1.8"
"1090","1089","4"
"1091","1090","1.4"
"1092","1091","3.1"
"1093","1092","2.3"
"1094","1093","5.4"
"1095","1094","3"
"1096","1095","0.9"
"1097","1096","4.2"
"1098","1097","1.4"
"1099","1098","4.8"
"1100","1099","3.5"
"1101","1100","1.5"
"1102","1101","3.2"
"1103","1102","0.6"
"1104","1103","-0.9"
"1105","1104","1.9"
"1106","1105","2"
"1107","1106","0.4"
"1108","1107","1.2"
"1109","1108","2.7"
"1110","1109","0.7"
"1111","1110","2.6"
"1112","1111","-0.2"
"1113","1112","-0.5"
"1114","1113","3.7"
"1115","1114","2.6"
"1116","1115","4.8"
"1117","1116","5.1"
"1118","1117","3.1"
"1119","1118","2"
"1120","1119","-0.6"
"1121","1120","1.3"
"1122","1121","2.3"
"1123","1122","0.9"
"1124","1123","3.5"
"1125","1124","3"
"1126","1125","3.3"
"1127","1126","1.8"
"1128","1127","2.1"
"1129","1128","1.8"
"1130","1129","3.7"
"1131","1130","6"
"1132","1131","1"
"1133","1132","2.4"
"1134","1133","0.3"
"1135","1134","6"
"1136","1135","1.5"
"1137","1136","-1.8"
"1138","1137","3.4"
"1139","1138","2.9"
"1140","1139","3.5"
"1141","1140","3"
"1142","1141","3.3"
"1143","1142","2.8"
"1144","1143","2.3"
"1145","1144","3.1"
"1146","1145","3.3"
"1147","1146","-1"
"1148","1147","2.1"
"1149","1148","4.6"
"1150","1149","2.1"
"1151","1150","1.8"
"1152","1151","-0.9"
"1153","1152","1.4"
"1154","1153","1.9"
"1155","1154","0.5"
"1156","1155","3.1"
"1157","1156","2.4"
"1158","1157","2.6"
"1159","1158","4.5"
"1160","1159","2.7"
"1161","1160","1.1"
"1162","1161","0.6"
"1163","1162","6.6"
"1164","1163","2.6"
"1165","1164","3.4"
"1166","1165","2.1"
"1167","1166","6.1"
"1168","1167","2.7"
"1169","1168","1.6"
"1170","1169","2.9"
"1171","1170","5.2"
"1172","1171","3.2"
"1173","1172","0.8"
"1174","1173","0"
"1175","1174","5.1"
"1176","1175","0.5"
"1177","1176","1.6"
"1178","1177","1"
"1179","1178","2.9"
"1180","1179","3.1"
"1181","1180","2.8"
"1182","1181","0.6"
"1183","1182","5.9"
"1184","1183","3.5"
"1185","1184","3.5"
"1186","1185","0.5"
"1187","1186","4.8"
"1188","1187","2.5"
"1189","1188","2.3"
"1190","1189","1.4"
"1191","1190","1.6"
"1192","1191","4.8"
"1193","1192","0"
"1194","1193","3.4"
"1195","1194","0.5"
"1196","1195","3.4"
"1197","1196","-1.6"
"1198","1197","2.1"
"1199","1198","0.7"
"1200","1199","-0.6"
"1201","1200","5.7"
"1202","1201","5.3"
"1203","1202","2.3"
"1204","1203","0.4"
"1205","1204","0.9"
"1206","1205","2.2"
"1207","1206","3"
"1208","1207","4.9"
"1209","1208","4.1"
"1210","1209","4.3"
"1211","1210","2.1"
"1212","1211","2.9"
"1213","1212","-0.4"
"1214","1213","2.7"
"1215","1214","1.9"
"1216","1215","2.6"
"1217","1216","1.9"
"1218","1217","4.5"
"1219","1218","3"
"1220","1219","2.4"
"1221","1220","4.9"
"1222","1221","1.3"
"1223","1222","1.9"
"1224","1223","1.1"
"1225","1224","4"
"1226","1225","4"
"1227","1226","2.2"
"1228","1227","3"
"1229","1228","2.6"
"1230","1229","2.1"
"1231","1230","1.4"
"1232","1231","4.6"
"1233","1232","0.4"
"1234","1233","5.1"
"1235","1234","1"
"1236","1235","5.9"
"1237","1236","1"
"1238","1237","1.6"
"1239","1238","1.9"
"1240","1239","0.7"
"1241","1240","0.9"
"1242","1241","2.4"
"1243","1242","1.1"
"1244","1243","1.3"
"1245","1244","2"
"1246","1245","0.1"
"1247","1246","3.3"
"1248","1247","3"
"1249","1248","3"
"1250","1249","4.3"
"1251","1250","0.9"
"1252","1251","-1.2"
"1253","1252","0.9"
"1254","1253","3.2"
"1255","1254","2.1"
"1256","1255","3.6"
"1257","1256","0.4"
"1258","1257","3.2"
"1259","1258","3.6"
"1260","1259","5.1"
"1261","1260","-0.3"
"1262","1261","3.5"
"1263","1262","-0.8"
"1264","1263","3.3"
"1265","1264","2.3"
"1266","1265","0.3"
"1267","1266","1.5"
"1268","1267","4.8"
"1269","1268","2.7"
"1270","1269","0"
"1271","1270","1.8"
"1272","1271","1.5"
"1273","1272","1.2"
"1274","1273","3.8"
"1275","1274","0.1"
"1276","1275","2"
"1277","1276","2.6"
"1278","1277","1"
"1279","1278","0.2"
"1280","1279","3.7"
"1281","1280","4.3"
"1282","1281","1.9"
"1283","1282","-1.5"
"1284","1283","0.4"
"1285","1284","7.5"
"1286","1285","3.4"
"1287","1286","0.7"
"1288","1287","3.1"
"1289","1288","3.5"
"1290","1289","2.1"
"1291","1290","0.5"
"1292","1291","0.5"
"1293","1292","1.9"
"1294","1293","2.4"
"1295","1294","3.3"
"1296","1295","1.9"
"1297","1296","0.6"
"1298","1297","0.4"
"1299","1298","4.3"
"1300","1299","-0.3"
"1301","1300","3.1"
"1302","1301","6.7"
"1303","1302","2.2"
"1304","1303","0.4"
"1305","1304","2.5"
"1306","1305","2.6"
"1307","1306","1"
"1308","1307","3.5"
"1309","1308","4.6"
"1310","1309","3.2"
"1311","1310","2"
"1312","1311","1.3"
"1313","1312","3"
"1314","1313","2.9"
"1315","1314","1.1"
"1316","1315","2.5"
"1317","1316","0.9"
"1318","1317","4.5"
"1319","1318","3.3"
"1320","1319","3.7"
"1321","1320","2.2"
"1322","1321","3.9"
"1323","1322","2.5"
"1324","1323","5"
"1325","1324","6"
"1326","1325","0"
"1327","1326","3.2"
"1328","1327","-0.5"
"1329","1328","1.8"
"1330","1329","1.2"
"1331","1330","0"
"1332","1331","1"
"1333","1332","1.2"
"1334","1333","1"
"1335","1334","0.8"
"1336","1335","0.4"
"1337","1336","3.6"
"1338","1337","2.4"
"1339","1338","0.2"
"1340","1339","1.2"
"1341","1340","-2"
"1342","1341","3.8"
"1343","1342","1.8"
"1344","1343","2"
"1345","1344","3"
"1346","1345","3"
"1347","1346","0.8"
"1348","1347","2.2"
"1349","1348","6.2"
"1350","1349","1.4"
"1351","1350","1.3"
"1352","1351","-0.3"
"1353","1352","4.3"
"1354","1353","2.3"
"1355","1354","4.2"
"1356","1355","1.9"
"1357","1356","3.6"
"1358","1357","3.1"
"1359","1358","0.2"
"1360","1359","2.9"
"1361","1360","4.6"
"1362","1361","2.2"
"1363","1362","2.5"
"1364","1363","-0.9"
"1365","1364","3.9"
"1366","1365","2"
"1367","1366","4"
"1368","1367","2.3"
"1369","1368","3.5"
"1370","1369","0.9"
"1371","1370","1.7"
"1372","1371","6.4"
"1373","1372","0.9"
"1374","1373","1.8"
"1375","1374","-1.4"
"1376","1375","-0.8"
"1377","1376","4.8"
"1378","1377","2.8"
"1379","1378","1.3"
"1380","1379","2.5"
"1381","1380","0.5"
"1382","1381","1.8"
"1383","1382","5.1"
"1384","1383","1.6"
"1385","1384","1.8"
"1386","1385","2.3"
"1387","1386","4.1"
"1388","1387","5.5"
"1389","1388","1.5"
"1390","1389","5.1"
"1391","1390","1.5"
"1392","1391","2.4"
"1393","1392","1.6"
"1394","1393","3"
"1395","1394","0.2"
"1396","1395","1.1"
"1397","1396","2.8"
"1398","1397","2.6"
"1399","1398","3.1"
"1400","1399","2.2"
"1401","1400","0.3"
"1402","1401","3.4"
"1403","1402","1.6"
"1404","1403","2.4"
"1405","1404","-0.4"
"1406","1405","4.6"
"1407","1406","1.2"
"1408","1407","-3.3"
"1409","1408","-2.8"
"1410","1409","2.8"
"1411","1410","4.6"
"1412","1411","2.5"
"1413","1412","2.7"
"1414","1413","2.8"
"1415","1414","4.8"
"1416","1415","4.6"
"1417","1416","3.4"
"1418","1417","3.1"
"1419","1418","1.2"
"1420","1419","2.6"
"1421","1420","0.7"
"1422","1421","1.7"
"1423","1422","2.5"
"1424","1423","2.1"
"1425","1424","4.1"
"1426","1425","1.4"
"1427","1426","1.8"
"1428","1427","2.4"
"1429","1428","5"
"1430","1429","3.1"
"1431","1430","3.2"
"1432","1431","0.1"
"1433","1432","1.8"
"1434","1433","1.2"
"1435","1434","3.4"
"1436","1435","1.3"
"1437","1436","0.3"
"1438","1437","3.2"
"1439","1438","2.7"
"1440","1439","-3.4"
"1441","1440","3.9"
"1442","1441","3.6"
"1443","1442","1.1"
"1444","1443","4.4"
"1445","1444","1.9"
"1446","1445","3.7"
"1447","1446","3"
"1448","1447","3.2"
"1449","1448","0.6"
"1450","1449","3.7"
"1451","1450","1.8"
"1452","1451","2.6"
"1453","1452","2.9"
"1454","1453","3.3"
"1455","1454","0.6"
"1456","1455","3.6"
"1457","1456","5.4"
"1458","1457","5.9"
"1459","1458","1.6"
"1460","1459","2.6"
"1461","1460","3"
"1462","1461","0.8"
"1463","1462","5.3"
"1464","1463","4.6"
"1465","1464","1.6"
"1466","1465","1.6"
"1467","1466","4.2"
"1468","1467","2.5"
"1469","1468","1.1"
"1470","1469","3"
"1471","1470","1.8"
"1472","1471","2.6"
"1473","1472","3.7"
"1474","1473","0"
"1475","1474","4.6"
"1476","1475","2.3"
"1477","1476","5.1"
"1478","1477","3.6"
"1479","1478","0.8"
"1480","1479","3.1"
"1481","1480","3.7"
"1482","1481","1.2"
"1483","1482","2.7"
"1484","1483","1.6"
"1485","1484","1.3"
"1486","1485","0.8"
"1487","1486","0.2"
"1488","1487","0.3"
"1489","1488","1.1"
"1490","1489","3.7"
"1491","1490","5.6"
"1492","1491","4.7"
"1493","1492","3"
"1494","1493","-0.8"
"1495","1494","-1.2"
"1496","1495","2.9"
"1497","1496","3.7"
"1498","1497","2.3"
"1499","1498","2.3"
"1500","1499","2.9"
"1501","1500","-0.6"
"1502","1501","5"
"1503","1502","6"
"1504","1503","1.1"
"1505","1504","-0.1"
"1506","1505","1.7"
"1507","1506","-1.7"
"1508","1507","2"
"1509","1508","4.6"
"1510","1509","1"
"1511","1510","2.3"
"1512","1511","0.5"
"1513","1512","1.4"
"1514","1513","0"
"1515","1514","2.6"
"1516","1515","1.1"
"1517","1516","-1"
"1518","1517","2.3"
"1519","1518","2.9"
"1520","1519","2.1"
"1521","1520","4.9"
"1522","1521","2.9"
"1523","1522","1.1"
"1524","1523","3.6"
"1525","1524","3.4"
"1526","1525","1.2"
"1527","1526","5.7"
"1528","1527","3.6"
"1529","1528","5.7"
"1530","1529","2.9"
"1531","1530","3"
"1532","1531","2.5"
"1533","1532","2.9"
"1534","1533","4.2"
"1535","1534","2.6"
"1536","1535","0.5"
"1537","1536","3.7"
"1538","1537","1.9"
"1539","1538","3"
"1540","1539","3.9"
"1541","1540","2"
"1542","1541","2.1"
"1543","1542","1.2"
"1544","1543","0"
"1545","1544","3.4"
"1546","1545","3.3"
"1547","1546","2"
"1548","1547","0.6"
"1549","1548","5.3"
"1550","1549","0.5"
"1551","1550","2.3"
"1552","1551","4.1"
"1553","1552","3.6"
"1554","1553","1.8"
"1555","1554","3.1"
"1556","1555","-1"
"1557","1556","1.3"
"1558","1557","4"
"1559","1558","1.9"
"1560","1559","1"
"1561","1560","2.7"
"1562","1561","1.9"
"1563","1562","3"
"1564","1563","3.3"
"1565","1564","1.9"
"1566","1565","3.6"
"1567","1566","2.2"
"1568","1567","1.9"
"1569","1568","1.9"
"1570","1569","3.2"
"1571","1570","4.3"
"1572","1571","3.8"
"1573","1572","2.5"
"1574","1573","3.5"
"1575","1574","-1"
"1576","1575","1.7"
"1577","1576","3.1"
"1578","1577","6.5"
"1579","1578","4.6"
"1580","1579","3.8"
"1581","1580","4.9"
"1582","1581","2"
"1583","1582","2.3"
"1584","1583","3.1"
"1585","1584","0.2"
"1586","1585","2.1"
"1587","1586","4.6"
"1588","1587","3.1"
"1589","1588","5.3"
"1590","1589","3.4"
"1591","1590","3.2"
"1592","1591","1.3"
"1593","1592","-0.2"
"1594","1593","4.8"
"1595","1594","1.6"
"1596","1595","1"
"1597","1596","2.3"
"1598","1597","6"
"1599","1598","3.5"
"1600","1599","2.5"
"1601","1600","2.4"
"1602","1601","1.4"
"1603","1602","2.4"
"1604","1603","2.1"
"1605","1604","2.1"
"1606","1605","1.8"
"1607","1606","0.7"
"1608","1607","3.6"
"1609","1608","2.1"
"1610","1609","0.8"
"1611","1610","2"
"1612","1611","3.7"
"1613","1612","1.5"
"1614","1613","-0.7"
"1615","1614","0.6"
"1616","1615","3"
"1617","1616","1.5"
"1618","1617","3.2"
"1619","1618","1.9"
"1620","1619","1.3"
"1621","1620","2.9"
"1622","1621","1.4"
"1623","1622","0.6"
"1624","1623","4"
"1625","1624","1.9"
"1626","1625","0.8"
"1627","1626","1.4"
"1628","1627","2.2"
"1629","1628","3.3"
"1630","1629","2.9"
"1631","1630","2.1"
"1632","1631","2.8"
"1633","1632","2.6"
"1634","1633","2.8"
"1635","1634","1"
"1636","1635","3.3"
"1637","1636","2.7"
"1638","1637","3.2"
"1639","1638","3.3"
"1640","1639","3.3"
"1641","1640","2.8"
"1642","1641","-0.8"
"1643","1642","3.6"
"1644","1643","-0.4"
"1645","1644","1.6"
"1646","1645","0.3"
"1647","1646","4.7"
"1648","1647","4.4"
"1649","1648","4"
"1650","1649","0.4"
"1651","1650","2.8"
"1652","1651","2.4"
"1653","1652","-0.2"
"1654","1653","1"
"1655","1654","0"
"1656","1655","-1.7"
"1657","1656","-0.6"
"1658","1657","3.5"
"1659","1658","1.4"
"1660","1659","2.8"
"1661","1660","1.7"
"1662","1661","-1.3"
"1663","1662","1"
"1664","1663","3.3"
"1665","1664","0.5"
"1666","1665","-0.2"
"1667","1666","2.8"
"1668","1667","1.3"
"1669","1668","1"
"1670","1669","4.7"
"1671","1670","-0.7"
"1672","1671","0.7"
"1673","1672","3"
"1674","1673","0.9"
"1675","1674","2.9"
"1676","1675","2.3"
"1677","1676","0"
"1678","1677","3.1"
"1679","1678","5.8"
"1680","1679","2.7"
"1681","1680","2.3"
"1682","1681","2.2"
"1683","1682","-1.1"
"1684","1683","0.2"
"1685","1684","3.4"
"1686","1685","3.2"
"1687","1686","2.1"
"1688","1687","4.3"
"1689","1688","0.2"
"1690","1689","3.2"
"1691","1690","1.4"
"1692","1691","1.1"
"1693","1692","1.9"
"1694","1693","1.4"
"1695","1694","2.1"
"1696","1695","4.5"
"1697","1696","1.4"
"1698","1697","0.3"
"1699","1698","-0.8"
"1700","1699","5"
"1701","1700","2.4"
"1702","1701","0"
"1703","1702","2.6"
"1704","1703","4"
"1705","1704","5"
"1706","1705","-0.9"
"1707","1706","1.1"
"1708","1707","1.1"
"1709","1708","0.9"
"1710","1709","3.3"
"1711","1710","1.4"
"1712","1711","4.1"
"1713","1712","0.1"
"1714","1713","2.6"
"1715","1714","3"
"1716","1715","1.6"
"1717","1716","-0.9"
"1718","1717","1.9"
"1719","1718","2.5"
"1720","1719","-1.9"
"1721","1720","1.2"
"1722","1721","2"
"1723","1722","2.7"
"1724","1723","2.8"
"1725","1724","2.3"
"1726","1725","2"
"1727","1726","1.6"
"1728","1727","3.3"
"1729","1728","3.4"
"1730","1729","1.2"
"1731","1730","-1.4"
"1732","1731","3.9"
"1733","1732","3.5"
"1734","1733","2.3"
"1735","1734","1.3"
"1736","1735","1"
"1737","1736","0.7"
"1738","1737","1.6"
"1739","1738","1.6"
"1740","1739","1.5"
"1741","1740","0.8"
"1742","1741","4"
"1743","1742","2.4"
"1744","1743","2.8"
"1745","1744","0.6"
"1746","1745","-0.5"
"1747","1746","3.2"
"1748","1747","7.9"
"1749","1748","3.8"
"1750","1749","5.2"
"1751","1750","1.7"
"1752","1751","-3"
"1753","1752","-0.2"
"1754","1753","2.1"
"1755","1754","1.4"
"1756","1755","3.1"
"1757","1756","0.7"
"1758","1757","4.3"
"1759","1758","2.9"
"1760","1759","6"
"1761","1760","2"
"1762","1761","0.7"
"1763","1762","-1"
"1764","1763","4.3"
"1765","1764","4"
"1766","1765","0.9"
"1767","1766","4.4"
"1768","1767","-0.5"
"1769","1768","1"
"1770","1769","-0.6"
"1771","1770","3.6"
"1772","1771","0.3"
"1773","1772","1.6"
"1774","1773","1.4"
"1775","1774","5.6"
"1776","1775","1.1"
"1777","1776","0.8"
"1778","1777","4.3"
"1779","1778","3.3"
"1780","1779","1.8"
"1781","1780","2.5"
"1782","1781","5.1"
"1783","1782","1.6"
"1784","1783","2.6"
"1785","1784","1.4"
"1786","1785","1.8"
"1787","1786","2"
"1788","1787","2.7"
"1789","1788","-2.4"
"1790","1789","2.9"
"1791","1790","-0.7"
"1792","1791","0.9"
"1793","1792","-0.5"
"1794","1793","1.1"
"1795","1794","3.1"
"1796","1795","2.7"
"1797","1796","3"
"1798","1797","6.6"
"1799","1798","3"
"1800","1799","2.4"
"1801","1800","1.1"
"1802","1801","3.9"
"1803","1802","1.5"
"1804","1803","3"
"1805","1804","2.9"
"1806","1805","2.1"
"1807","1806","1.7"
"1808","1807","2.3"
"1809","1808","1.5"
"1810","1809","1.6"
"1811","1810","2.5"
"1812","1811","2"
"1813","1812","3"
"1814","1813","5.7"
"1815","1814","1.1"
"1816","1815","-0.8"
"1817","1816","2.5"
"1818","1817","3.4"
"1819","1818","1.3"
"1820","1819","3.4"
"1821","1820","2.1"
"1822","1821","5.1"
"1823","1822","-2.4"
"1824","1823","2.3"
"1825","1824","0.4"
"1826","1825","2"
"1827","1826","1"
"1828","1827","2.4"
"1829","1828","4.4"
"1830","1829","4"
"1831","1830","2.1"
"1832","1831","3"
"1833","1832","-0.1"
"1834","1833","6.2"
"1835","1834","5.9"
"1836","1835","0.4"
"1837","1836","0.3"
"1838","1837","-0.7"
"1839","1838","3.2"
"1840","1839","2.8"
"1841","1840","0.3"
"1842","1841","1.3"
"1843","1842","0.8"
"1844","1843","1.2"
"1845","1844","4.3"
"1846","1845","-0.1"
"1847","1846","1.1"
"1848","1847","0.4"
"1849","1848","1.7"
"1850","1849","2.7"
"1851","1850","2.8"
"1852","1851","0.2"
"1853","1852","1.6"
"1854","1853","1.9"
"1855","1854","3.2"
"1856","1855","0.9"
"1857","1856","5.5"
"1858","1857","3"
"1859","1858","0.9"
"1860","1859","3.5"
"1861","1860","3.2"
"1862","1861","2.6"
"1863","1862","2.6"
"1864","1863","2.3"
"1865","1864","-1"
"1866","1865","2.9"
"1867","1866","1.2"
"1868","1867","1"
"1869","1868","1.5"
"1870","1869","3.4"
"1871","1870","-0.7"
"1872","1871","3.5"
"1873","1872","0.2"
"1874","1873","2.8"
"1875","1874","-0.2"
"1876","1875","4.6"
"1877","1876","5.9"
"1878","1877","3.6"
"1879","1878","-1"
"1880","1879","6.8"
"1881","1880","-0.4"
"1882","1881","0.8"
"1883","1882","2.2"
"1884","1883","3.9"
"1885","1884","4.9"
"1886","1885","6.1"
"1887","1886","2.1"
"1888","1887","0.7"
"1889","1888","5.6"
"1890","1889","0.9"
"1891","1890","2.5"
"1892","1891","2.4"
"1893","1892","3.3"
"1894","1893","1.3"
"1895","1894","-1.6"
"1896","1895","2.2"
"1897","1896","-0.7"
"1898","1897","4.1"
"1899","1898","2.3"
"1900","1899","1.3"
"1901","1900","1.8"
"1902","1901","2.3"
"1903","1902","1.4"
"1904","1903","3.1"
"1905","1904","3.4"
"1906","1905","2.3"
"1907","1906","2.1"
"1908","1907","2.1"
"1909","1908","3.8"
"1910","1909","2.2"
"1911","1910","4.4"
"1912","1911","4.2"
"1913","1912","0.8"
"1914","1913","4.7"
"1915","1914","2.2"
"1916","1915","0.8"
"1917","1916","1"
"1918","1917","1.7"
"1919","1918","2.6"
"1920","1919","4.2"
"1921","1920","0.1"
"1922","1921","0.1"
"1923","1922","-0.3"
"1924","1923","3.2"
"1925","1924","2.1"
"1926","1925","2.3"
"1927","1926","3.4"
"1928","1927","2.9"
"1929","1928","3.5"
"1930","1929","2.6"
"1931","1930","3.7"
"1932","1931","3.1"
"1933","1932","1.6"
"1934","1933","4.4"
"1935","1934","1.3"
"1936","1935","5.2"
"1937","1936","5.2"
"1938","1937","0.3"
"1939","1938","3.6"
"1940","1939","3.4"
"1941","1940","2.4"
"1942","1941","2"
"1943","1942","0.7"
"1944","1943","1.7"
"1945","1944","4.4"
"1946","1945","3.8"
"1947","1946","3.5"
"1948","1947","2.3"
"1949","1948","2.4"
"1950","1949","2.3"
"1951","1950","1.9"
"1952","1951","6.6"
"1953","1952","2.9"
"1954","1953","3.4"
"1955","1954","1.7"
"1956","1955","0.1"
"1957","1956","2.9"
"1958","1957","3.1"
"1959","1958","5.5"
"1960","1959","0.6"
"1961","1960","1.5"
"1962","1961","-0.2"
"1963","1962","4.3"
"1964","1963","3.2"
"1965","1964","4.1"
"1966","1965","2.9"
"1967","1966","1.5"
"1968","1967","3.6"
"1969","1968","-0.4"
"1970","1969","2.3"
"1971","1970","0.3"
"1972","1971","1.6"
"1973","1972","2.2"
"1974","1973","1.8"
"1975","1974","1.3"
"1976","1975","5.2"
"1977","1976","4.5"
"1978","1977","0.6"
"1979","1978","0.7"
"1980","1979","0"
"1981","1980","2.9"
"1982","1981","0"
"1983","1982","2.7"
"1984","1983","3.3"
"1985","1984","2.7"
"1986","1985","3.8"
"1987","1986","5"
"1988","1987","1.8"
"1989","1988","-0.2"
"1990","1989","2.9"
"1991","1990","3.6"
"1992","1991","3.4"
"1993","1992","8"
"1994","1993","3"
"1995","1994","2.1"
"1996","1995","1.1"
"1997","1996","-0.6"
"1998","1997","4.8"
"1999","1998","3.8"
"2000","1999","-2.1"
"2001","2000","2.9"
"2002","2001","0.4"
"2003","2002","1.4"
"2004","2003","1.3"
"2005","2004","3"
"2006","2005","1.9"
"2007","2006","3.5"
"2008","2007","2.5"
"2009","2008","5"
"2010","2009","2"
"2011","2010","1.6"
"2012","2011","1.2"
"2013","2012","5.2"
"2014","2013","2.8"
"2015","2014","1.9"
"2016","2015","5"
"2017","2016","2.3"
"2018","2017","1.5"
"2019","2018","1.7"
"2020","2019","0.3"
"2021","2020","1.8"
"2022","2021","0.9"
"2023","2022","1.9"
"2024","2023","3.5"
"2025","2024","3.3"
"2026","2025","1.2"
"2027","2026","1.2"
"2028","2027","1.8"
"2029","2028","2.8"
"2030","2029","4"
"2031","2030","0.4"
"2032","2031","0.9"
"2033","2032","3.6"
"2034","2033","1.8"
"2035","2034","-0.2"
"2036","2035","1.5"
"2037","2036","1.1"
"2038","2037","2.4"
"2039","2038","-2.3"
"2040","2039","3.2"
"2041","2040","4.2"
"2042","2041","2.2"
"2043","2042","1.2"
"2044","2043","2.1"
"2045","2044","5.8"
"2046","2045","3.6"
"2047","2046","1"
"2048","2047","3.1"
"2049","2048","2.4"
"2050","2049","1"
"2051","2050","2.1"
"2052","2051","4.5"
"2053","2052","3.1"
"2054","2053","0.3"
"2055","2054","1.2"
"2056","2055","3.5"
"2057","2056","4.5"
"2058","2057","3.9"
"2059","2058","2.7"
"2060","2059","6.3"
"2061","2060","0.6"
"2062","2061","2.8"
"2063","2062","2"
"2064","2063","3.3"
"2065","2064","4.8"
"2066","2065","1.1"
"2067","2066","3.1"
"2068","2067","2.6"
"2069","2068","3"
"2070","2069","-0.7"
"2071","2070","1.4"
"2072","2071","1.6"
"2073","2072","1.8"
"2074","2073","3.4"
"2075","2074","0.7"
"2076","2075","2.4"
"2077","2076","3.7"
"2078","2077","4.1"
"2079","2078","3.3"
"2080","2079","3"
"2081","2080","1.4"
"2082","2081","-0.3"
"2083","2082","3.3"
"2084","2083","4.8"
"2085","2084","3.1"
"2086","2085","3.2"
"2087","2086","3.8"
"2088","2087","1.4"
"2089","2088","3.4"
"2090","2089","1.6"
"2091","2090","4.2"
"2092","2091","2"
"2093","2092","2.2"
"2094","2093","1.9"
"2095","2094","2.1"
"2096","2095","0.8"
"2097","2096","1.5"
"2098","2097","1.4"
"2099","2098","2.3"
"2100","2099","3.4"
"2101","2100","1.3"
"2102","2101","2.9"
"2103","2102","0.9"
"2104","2103","1.2"
"2105","2104","3.8"
"2106","2105","2"
"2107","2106","1.6"
"2108","2107","-0.9"
"2109","2108","4.6"
"2110","2109","1.9"
"2111","2110","1.3"
"2112","2111","2.9"
"2113","2112","3.2"
"2114","2113","3.4"
"2115","2114","2.9"
"2116","2115","2.1"
"2117","2116","2.2"
"2118","2117","5"
"2119","2118","3.4"
"2120","2119","7.3"
"2121","2120","3.6"
"2122","2121","2"
"2123","2122","3.5"
"2124","2123","3"
"2125","2124","2.3"
"2126","2125","2.6"
"2127","2126","0.6"
"2128","2127","1.4"
"2129","2128","3.1"
"2130","2129","1.7"
"2131","2130","3.2"
"2132","2131","3.6"
"2133","2132","3.2"
"2134","2133","3.2"
"2135","2134","2.3"
"2136","2135","-0.1"
"2137","2136","0.9"
"2138","2137","1.3"
"2139","2138","3.1"
"2140","2139","0.5"
"2141","2140","3.8"
"2142","2141","4.6"
"2143","2142","2.6"
"2144","2143","0.3"
"2145","2144","0.3"
"2146","2145","3.2"
"2147","2146","-0.4"
"2148","2147","0.9"
"2149","2148","3.8"
"2150","2149","3.2"
"2151","2150","-0.4"
"2152","2151","6.4"
"2153","2152","2.6"
"2154","2153","3.2"
"2155","2154","0.9"
"2156","2155","0.7"
"2157","2156","2.5"
"2158","2157","4.7"
"2159","2158","1.8"
"2160","2159","0.7"
"2161","2160","2.2"
"2162","2161","4.4"
"2163","2162","1.4"
"2164","2163","2.4"
"2165","2164","1.8"
"2166","2165","2.8"
"2167","2166","2.6"
"2168","2167","1.3"
"2169","2168","1.6"
"2170","2169","2.5"
"2171","2170","1"
"2172","2171","2.9"
"2173","2172","-1.4"
"2174","2173","3.4"
"2175","2174","4.1"
"2176","2175","5.6"
"2177","2176","0.2"
"2178","2177","3.3"
"2179","2178","3"
"2180","2179","1.8"
"2181","2180","3.6"
"2182","2181","0.9"
"2183","2182","0.5"
"2184","2183","-0.1"
"2185","2184","4.5"
"2186","2185","1.5"
"2187","2186","0.7"
"2188","2187","2.9"
"2189","2188","3.8"
"2190","2189","2.8"
"2191","2190","1.3"
"2192","2191","2.9"
"2193","2192","3.1"
"2194","2193","1.9"
"2195","2194","3.8"
"2196","2195","2.9"
"2197","2196","1.4"
"2198","2197","1.4"
"2199","2198","2.3"
"2200","2199","3.8"
"2201","2200","-1.8"
"2202","2201","0.1"
"2203","2202","0.8"
"2204","2203","0.9"
"2205","2204","1.5"
"2206","2205","0.2"
"2207","2206","3"
"2208","2207","2"
"2209","2208","2.3"
"2210","2209","-0.6"
"2211","2210","2.2"
"2212","2211","4.1"
"2213","2212","3.5"
"2214","2213","0.7"
"2215","2214","1.8"
"2216","2215","3.2"
"2217","2216","2.1"
"2218","2217","3.8"
"2219","2218","2.1"
"2220","2219","4.6"
"2221","2220","1.1"
"2222","2221","2.4"
"2223","2222","1.8"
"2224","2223","1.6"
"2225","2224","2.4"
"2226","2225","7"
"2227","2226","4.1"
"2228","2227","1.6"
"2229","2228","0.2"
"2230","2229","1.7"
"2231","2230","0.9"
"2232","2231","3.8"
"2233","2232","2.7"
"2234","2233","1.6"
"2235","2234","2.6"
"2236","2235","4.8"
"2237","2236","3.3"
"2238","2237","2.1"
"2239","2238","-1.2"
"2240","2239","2.1"
"2241","2240","3"
"2242","2241","0.4"
"2243","2242","4"
"2244","2243","1.9"
"2245","2244","1.1"
"2246","2245","3.8"
"2247","2246","3.4"
"2248","2247","0.6"
"2249","2248","2.2"
"2250","2249","1.3"
"2251","2250","2.3"
"2252","2251","1.8"
"2253","2252","1.1"
"2254","2253","1.8"
"2255","2254","2.4"
"2256","2255","1.8"
"2257","2256","3.6"
"2258","2257","0.6"
"2259","2258","0.5"
"2260","2259","0.8"
"2261","2260","2.9"
"2262","2261","0.5"
"2263","2262","2.1"
"2264","2263","3.3"
"2265","2264","2.1"
"2266","2265","2.8"
"2267","2266","2.6"
"2268","2267","2.4"
"2269","2268","1.8"
"2270","2269","3.3"
"2271","2270","1"
"2272","2271","3.2"
"2273","2272","4.9"
"2274","2273","1.6"
"2275","2274","2"
"2276","2275","1.4"
"2277","2276","3.9"
"2278","2277","4.1"
"2279","2278","2.3"
"2280","2279","2.4"
"2281","2280","1.6"
"2282","2281","1.9"
"2283","2282","4.8"
"2284","2283","3.5"
"2285","2284","3.1"
"2286","2285","1.6"
"2287","2286","2.9"
"2288","2287","3.7"
"2289","2288","1.5"
"2290","2289","4.8"
"2291","2290","1.8"
"2292","2291","2.9"
"2293","2292","2.9"
"2294","2293","2.7"
"2295","2294","1.3"
"2296","2295","1.8"
"2297","2296","3.5"
"2298","2297","6.3"
"2299","2298","2.1"
"2300","2299","2.9"
"2301","2300","-0.7"
"2302","2301","5.2"
"2303","2302","3.7"
"2304","2303","3.7"
"2305","2304","2.4"
"2306","2305","0.1"
"2307","2306","1.2"
"2308","2307","0.5"
"2309","2308","2"
"2310","2309","4.3"
"2311","2310","0.9"
"2312","2311","1.3"
"2313","2312","1.8"
"2314","2313","1.8"
"2315","2314","4"
"2316","2315","4.6"
"2317","2316","1.4"
"2318","2317","-0.3"
"2319","2318","6.8"
"2320","2319","3.4"
"2321","2320","1.8"
"2322","2321","2.5"
"2323","2322","4.7"
"2324","2323","0.7"
"2325","2324","4.6"
"2326","2325","1.2"
"2327","2326","0.9"
"2328","2327","1"
"2329","2328","6.9"
"2330","2329","2.2"
"2331","2330","1.5"
"2332","2331","1.9"
"2333","2332","1.2"
"2334","2333","1.1"
"2335","2334","1.5"
"2336","2335","5.2"
"2337","2336","3.8"
"2338","2337","2.6"
"2339","2338","4.1"
"2340","2339","1.4"
"2341","2340","3.3"
"2342","2341","3"
"2343","2342","1.1"
"2344","2343","1.5"
"2345","2344","3"
"2346","2345","2"
"2347","2346","-0.1"
"2348","2347","1.8"
"2349","2348","6"
"2350","2349","4.2"
"2351","2350","2.4"
"2352","2351","-0.7"
"2353","2352","2"
"2354","2353","3.4"
"2355","2354","1.4"
"2356","2355","4.3"
"2357","2356","4.7"
"2358","2357","2.1"
"2359","2358","2.9"
"2360","2359","5.1"
"2361","2360","0.8"
"2362","2361","2.7"
"2363","2362","2.2"
"2364","2363","2.2"
"2365","2364","-1"
"2366","2365","0.9"
"2367","2366","4.5"
"2368","2367","1"
"2369","2368","0.6"
"2370","2369","4.1"
"2371","2370","3.2"
"2372","2371","1.8"
"2373","2372","3.5"
"2374","2373","3.4"
"2375","2374","0.5"
"2376","2375","3.3"
"2377","2376","0.8"
"2378","2377","2.5"
"2379","2378","6.8"
"2380","2379","2"
"2381","2380","-0.4"
"2382","2381","1.5"
"2383","2382","0.3"
"2384","2383","4.8"
"2385","2384","2.1"
"2386","2385","4"
"2387","2386","2.5"
"2388","2387","-0.8"
"2389","2388","2.8"
"2390","2389","4.3"
"2391","2390","1.4"
"2392","2391","0.2"
"2393","2392","3.6"
"2394","2393","3.8"
"2395","2394","5.8"
"2396","2395","1.9"
"2397","2396","0.5"
"2398","2397","1.3"
"2399","2398","2.2"
"2400","2399","-0.2"
"2401","2400","2.7"
"2402","2401","0.7"
"2403","2402","2.8"
"2404","2403","1.1"
"2405","2404","-1.4"
"2406","2405","0.4"
"2407","2406","8.4"
"2408","2407","2.3"
"2409","2408","2.4"
"2410","2409","2.4"
"2411","2410","2.6"
"2412","2411","0.1"
"2413","2412","3.4"
"2414","2413","1.4"
"2415","2414","1.3"
"2416","2415","-0.9"
"2417","2416","-0.1"
"2418","2417","1.9"
"2419","2418","1.1"
"2420","2419","3.7"
"2421","2420","1.7"
"2422","2421","3.1"
"2423","2422","1.1"
"2424","2423","0.8"
"2425","2424","0.8"
"2426","2425","3.8"
"2427","2426","1"
"2428","2427","2.8"
"2429","2428","2.3"
"2430","2429","3"
"2431","2430","1.4"
"2432","2431","3.6"
"2433","2432","3"
"2434","2433","3.3"
"2435","2434","2.9"
"2436","2435","-0.8"
"2437","2436","3.1"
"2438","2437","0.7"
"2439","2438","3.4"
"2440","2439","1.3"
"2441","2440","3"
"2442","2441","1.7"
"2443","2442","2.1"
"2444","2443","2.7"
"2445","2444","3.3"
"2446","2445","1.6"
"2447","2446","3.4"
"2448","2447","1.7"
"2449","2448","5.8"
"2450","2449","3.1"
"2451","2450","1.5"
"2452","2451","0.3"
"2453","2452","2.4"
"2454","2453","3.1"
"2455","2454","2"
"2456","2455","5.2"
"2457","2456","3.4"
"2458","2457","3.2"
"2459","2458","0.7"
"2460","2459","1.4"
"2461","2460","2.4"
"2462","2461","3.2"
"2463","2462","2.3"
"2464","2463","3"
"2465","2464","1.1"
"2466","2465","0.9"
"2467","2466","4"
"2468","2467","2"
"2469","2468","1.9"
"2470","2469","2.8"
"2471","2470","5.4"
"2472","2471","1.1"
"2473","2472","1.9"
"2474","2473","4.9"
"2475","2474","-0.7"
"2476","2475","-0.1"
"2477","2476","2.1"
"2478","2477","5.1"
"2479","2478","3.2"
"2480","2479","-0.1"
"2481","2480","3.1"
"2482","2481","1.6"
"2483","2482","3.7"
"2484","2483","1"
"2485","2484","3.4"
"2486","2485","3.2"
"2487","2486","3"
"2488","2487","1.7"
"2489","2488","1.8"
"2490","2489","-0.1"
"2491","2490","4.1"
"2492","2491","2.2"
"2493","2492","3.3"
"2494","2493","0.1"
"2495","2494","2.2"
"2496","2495","2.6"
"2497","2496","1.7"
"2498","2497","0.9"
"2499","2498","1.7"
"2500","2499","1.6"
"2501","2500","0.9"
"2502","2501","4.2"
"2503","2502","4.2"
"2504","2503","5.2"
"2505","2504","2.5"
"2506","2505","2.3"
"2507","2506","1.6"
"2508","2507","5.7"
"2509","2508","1.2"
"2510","2509","1.2"
"2511","2510","3.1"
"2512","2511","2.5"
"2513","2512","0"
"2514","2513","-2"
"2515","2514","6.5"
"2516","2515","6.8"
"2517","2516","0.9"
"2518","2517","0"
"2519","2518","4.7"
"2520","2519","-0.6"
"2521","2520","5.8"
"2522","2521","0"
"2523","2522","2.5"
"2524","2523","1.4"
"2525","2524","0.1"
"2526","2525","2"
"2527","2526","0.7"
"2528","2527","5.4"
"2529","2528","4.2"
"2530","2529","3.1"
"2531","2530","-2.2"
"2532","2531","5"
"2533","2532","2.2"
"2534","2533","-1"
"2535","2534","2.9"
"2536","2535","4"
"2537","2536","5.4"
"2538","2537","3.4"
"2539","2538","5.1"
"2540","2539","3.7"
"2541","2540","3.4"
"2542","2541","1.9"
"2543","2542","2.2"
"2544","2543","-0.2"
"2545","2544","3.7"
"2546","2545","4.1"
"2547","2546","-0.6"
"2548","2547","1.8"
"2549","2548","-0.1"
"2550","2549","3.7"
"2551","2550","-0.2"
"2552","2551","3.5"
"2553","2552","2.2"
"2554","2553","1.7"
"2555","2554","1.6"
"2556","2555","3"
"2557","2556","3.3"
"2558","2557","3.2"
"2559","2558","1.6"
"2560","2559","0.9"
"2561","2560","1.8"
"2562","2561","2.1"
"2563","2562","4.3"
"2564","2563","4.5"
"2565","2564","4.9"
"2566","2565","4.8"
"2567","2566","4"
"2568","2567","3"
"2569","2568","3.1"
"2570","2569","2.4"
"2571","2570","2.5"
"2572","2571","0.5"
"2573","2572","1.5"
"2574","2573","3.1"
"2575","2574","3.1"
"2576","2575","1.5"
"2577","2576","1.5"
"2578","2577","1.9"
"2579","2578","4.1"
"2580","2579","4.4"
"2581","2580","1.2"
"2582","2581","1.8"
"2583","2582","3.4"
"2584","2583","0.3"
"2585","2584","0.3"
"2586","2585","4.3"
"2587","2586","2.3"
"2588","2587","0"
"2589","2588","5.6"
"2590","2589","1.3"
"2591","2590","3.4"
"2592","2591","2.3"
"2593","2592","2.5"
"2594","2593","3.8"
"2595","2594","2.9"
"2596","2595","2.1"
"2597","2596","2.9"
"2598","2597","1.7"
"2599","2598","1.4"
"2600","2599","1.3"
"2601","2600","0.8"
"2602","2601","1.3"
"2603","2602","3.2"
"2604","2603","2.2"
"2605","2604","3.7"
"2606","2605","4.5"
"2607","2606","2.3"
"2608","2607","1.5"
"2609","2608","4"
"2610","2609","2.8"
"2611","2610","3.9"
"2612","2611","2.7"
"2613","2612","-0.2"
"2614","2613","2.7"
"2615","2614","2.1"
"2616","2615","2.2"
"2617","2616","-0.1"
"2618","2617","4.6"
"2619","2618","3.3"
"2620","2619","4.4"
"2621","2620","3.7"
"2622","2621","2.1"
"2623","2622","4.2"
"2624","2623","4.7"
"2625","2624","3.4"
"2626","2625","1.3"
"2627","2626","2.8"
"2628","2627","3.8"
"2629","2628","0.5"
"2630","2629","2.6"
"2631","2630","5.1"
"2632","2631","2.7"
"2633","2632","2.3"
"2634","2633","1.5"
"2635","2634","1.8"
"2636","2635","2.7"
"2637","2636","1.5"
"2638","2637","0.3"
"2639","2638","3.3"
"2640","2639","1"
"2641","2640","4"
"2642","2641","0.5"
"2643","2642","3"
"2644","2643","3"
"2645","2644","5.9"
"2646","2645","4.3"
"2647","2646","2.1"
"2648","2647","2.8"
"2649","2648","4.3"
"2650","2649","2.7"
"2651","2650","3.7"
"2652","2651","5.5"
"2653","2652","-0.2"
"2654","2653","0.1"
"2655","2654","0.3"
"2656","2655","-0.7"
"2657","2656","2.9"
"2658","2657","4.6"
"2659","2658","1.9"
"2660","2659","2.8"
"2661","2660","1.3"
"2662","2661","1.4"
"2663","2662","0.7"
"2664","2663","2.3"
"2665","2664","5.3"
"2666","2665","-0.3"
"2667","2666","1.3"
"2668","2667","5.3"
"2669","2668","1.3"
"2670","2669","3"
"2671","2670","5.6"
"2672","2671","1.5"
"2673","2672","5.9"
"2674","2673","0.4"
"2675","2674","1.4"
"2676","2675","-0.2"
"2677","2676","1.3"
"2678","2677","2.7"
"2679","2678","0.1"
"2680","2679","-2.8"
"2681","2680","5.8"
"2682","2681","0"
"2683","2682","2.8"
"2684","2683","1.5"
"2685","2684","3.8"
"2686","2685","2.4"
"2687","2686","4.2"
"2688","2687","0.7"
"2689","2688","1.1"
"2690","2689","3.1"
"2691","2690","1.8"
"2692","2691","-1.6"
"2693","2692","5.6"
"2694","2693","1"
"2695","2694","2.6"
"2696","2695","2.2"
"2697","2696","2.3"
"2698","2697","2.2"
"2699","2698","1.9"
"2700","2699","3.2"
"2701","2700","3.1"
"2702","2701","3.1"
"2703","2702","0.4"
"2704","2703","2.3"
"2705","2704","2.9"
"2706","2705","0.8"
"2707","2706","5.5"
"2708","2707","3.8"
"2709","2708","8.4"
"2710","2709","0.4"
"2711","2710","5.6"
"2712","2711","2"
"2713","2712","3.7"
"2714","2713","2.1"
"2715","2714","3.8"
"2716","2715","0.2"
"2717","2716","1.6"
"2718","2717","4.7"
"2719","2718","3.2"
"2720","2719","3.2"
"2721","2720","1.4"
"2722","2721","1.9"
"2723","2722","2.5"
"2724","2723","1.2"
"2725","2724","-0.9"
"2726","2725","3.3"
"2727","2726","4.6"
"2728","2727","4.7"
"2729","2728","3.1"
"2730","2729","3.9"
"2731","2730","-0.6"
"2732","2731","3.2"
"2733","2732","2.5"
"2734","2733","4.1"
"2735","2734","3.7"
"2736","2735","4.2"
"2737","2736","1.6"
"2738","2737","5.2"
"2739","2738","2.7"
"2740","2739","2.4"
"2741","2740","0.4"
"2742","2741","1.4"
"2743","2742","1.3"
"2744","2743","7.1"
"2745","2744","3.5"
"2746","2745","0.4"
"2747","2746","3.7"
"2748","2747","0.8"
"2749","2748","3.3"
"2750","2749","3.5"
"2751","2750","2.5"
"2752","2751","2.9"
"2753","2752","4.2"
"2754","2753","0.8"
"2755","2754","1.7"
"2756","2755","0.4"
"2757","2756","3.3"
"2758","2757","1.6"
"2759","2758","2.7"
"2760","2759","2.7"
"2761","2760","-0.7"
"2762","2761","4.9"
"2763","2762","3.4"
"2764","2763","2"
"2765","2764","1.1"
"2766","2765","1.8"
"2767","2766","1.5"
"2768","2767","4.4"
"2769","2768","3.2"
"2770","2769","3.5"
"2771","2770","1.4"
"2772","2771","-0.6"
"2773","2772","3.9"
"2774","2773","0.9"
"2775","2774","0.6"
"2776","2775","2.7"
"2777","2776","3.8"
"2778","2777","1.2"
"2779","2778","0.5"
"2780","2779","4.3"
"2781","2780","1.9"
"2782","2781","3.9"
"2783","2782","3.9"
"2784","2783","1.7"
"2785","2784","3.2"
"2786","2785","0.9"
"2787","2786","1.6"
"2788","2787","2.4"
"2789","2788","3.9"
"2790","2789","1.6"
"2791","2790","0.8"
"2792","2791","3.2"
"2793","2792","4.6"
"2794","2793","1"
"2795","2794","1.4"
"2796","2795","2.2"
"2797","2796","2.2"
"2798","2797","4.6"
"2799","2798","2"
"2800","2799","2.8"
"2801","2800","4.3"
"2802","2801","5.2"
"2803","2802","1.1"
"2804","2803","4.4"
"2805","2804","2.7"
"2806","2805","3.3"
"2807","2806","0.5"
"2808","2807","1.4"
"2809","2808","5"
"2810","2809","-1"
"2811","2810","1.3"
"2812","2811","1.2"
"2813","2812","2.7"
"2814","2813","2.4"
"2815","2814","5.8"
"2816","2815","3.5"
"2817","2816","2.8"
"2818","2817","1.3"
"2819","2818","-2"
"2820","2819","1.9"
"2821","2820","2.2"
"2822","2821","2.2"
"2823","2822","3.1"
"2824","2823","3.8"
"2825","2824","3.2"
"2826","2825","5.2"
"2827","2826","2.4"
"2828","2827","4.2"
"2829","2828","3.4"
"2830","2829","3.7"
"2831","2830","4.9"
"2832","2831","4"
"2833","2832","3"
"2834","2833","4.9"
"2835","2834","4.5"
"2836","2835","1.9"
"2837","2836","4.1"
"2838","2837","1.7"
"2839","2838","-1"
"2840","2839","1.9"
"2841","2840","3.6"
"2842","2841","3.8"
"2843","2842","3.7"
"2844","2843","3.9"
"2845","2844","4.4"
"2846","2845","-0.6"
"2847","2846","5.5"
"2848","2847","1.9"
"2849","2848","3.9"
"2850","2849","1.5"
"2851","2850","2.6"
"2852","2851","5.4"
"2853","2852","-0.5"
"2854","2853","1.6"
"2855","2854","1.8"
"2856","2855","1.5"
"2857","2856","3.5"
"2858","2857","0.2"
"2859","2858","6.9"
"2860","2859","1.8"
"2861","2860","2.7"
"2862","2861","4.1"
"2863","2862","0.2"
"2864","2863","-1.7"
"2865","2864","4.1"
"2866","2865","4"
"2867","2866","2.5"
"2868","2867","4.8"
"2869","2868","0.3"
"2870","2869","4.4"
"2871","2870","0.2"
"2872","2871","1"
"2873","2872","2.5"
"2874","2873","0.4"
"2875","2874","2.9"
"2876","2875","7.5"
"2877","2876","1.4"
"2878","2877","5.8"
"2879","2878","2.5"
"2880","2879","2.8"
"2881","2880","2.6"
"2882","2881","3.4"
"2883","2882","4.5"
"2884","2883","1.5"
"2885","2884","-0.4"
"2886","2885","1.6"
"2887","2886","3.3"
"2888","2887","2"
"2889","2888","1.9"
"2890","2889","2.8"
"2891","2890","5.4"
"2892","2891","6.9"
"2893","2892","0.2"
"2894","2893","0.2"
"2895","2894","5.5"
"2896","2895","4.6"
"2897","2896","1.7"
"2898","2897","4.6"
"2899","2898","2.1"
"2900","2899","4.3"
"2901","2900","5.4"
"2902","2901","0.1"
"2903","2902","3.8"
"2904","2903","2.2"
"2905","2904","2.1"
"2906","2905","5.3"
"2907","2906","5.4"
"2908","2907","1.4"
"2909","2908","2.7"
"2910","2909","-0.5"
"2911","2910","2.5"
"2912","2911","3.9"
"2913","2912","5.8"
"2914","2913","1.1"
"2915","2914","3.6"
"2916","2915","6.8"
"2917","2916","0.6"
"2918","2917","-0.1"
"2919","2918","-0.6"
"2920","2919","4"
"2921","2920","1.7"
"2922","2921","4.7"
"2923","2922","3"
"2924","2923","2"
"2925","2924","5.9"
"2926","2925","3.2"
"2927","2926","2.4"
"2928","2927","1.2"
"2929","2928","5.6"
"2930","2929","2.2"
"2931","2930","1"
"2932","2931","1.3"
"2933","2932","-0.3"
"2934","2933","2.3"
"2935","2934","-2"
"2936","2935","3.8"
"2937","2936","5.9"
"2938","2937","1.2"
"2939","2938","4"
"2940","2939","0.8"
"2941","2940","1.5"
"2942","2941","2.8"
"2943","2942","3.5"
"2944","2943","3.1"
"2945","2944","0.5"
"2946","2945","2.9"
"2947","2946","0.6"
"2948","2947","0.2"
"2949","2948","2.3"
"2950","2949","-0.6"
"2951","2950","2.6"
"2952","2951","0.3"
"2953","2952","3.5"
"2954","2953","0"
"2955","2954","0.4"
"2956","2955","-3.2"
"2957","2956","1.6"
"2958","2957","1.6"
"2959","2958","1.1"
"2960","2959","0.9"
"2961","2960","-1.2"
"2962","2961","2.7"
"2963","2962","0.1"
"2964","2963","2.6"
"2965","2964","1.4"
"2966","2965","1.8"
"2967","2966","-1.6"
"2968","2967","1.2"
"2969","2968","1.2"
"2970","2969","1.2"
"2971","2970","1.1"
"2972","2971","1"
"2973","2972","6.5"
"2974","2973","3.9"
"2975","2974","1.2"
"2976","2975","0.5"
"2977","2976","3.9"
"2978","2977","3.9"
"2979","2978","2.1"
"2980","2979","4"
"2981","2980","4.8"
"2982","2981","4.1"
"2983","2982","1.8"
"2984","2983","2.9"
"2985","2984","0.3"
"2986","2985","-0.6"
"2987","2986","5.9"
"2988","2987","-1.2"
"2989","2988","4.8"
"2990","2989","-1.6"
"2991","2990","6.7"
"2992","2991","2.3"
"2993","2992","1.8"
"2994","2993","4.8"
"2995","2994","-0.3"
"2996","2995","3.2"
"2997","2996","0.4"
"2998","2997","0.9"
"2999","2998","3.1"
"3000","2999","3.3"
"3001","3000","5.4"
"3002","3001","3.9"
"3003","3002","0.8"
"3004","3003","1.5"
"3005","3004","4.2"
"3006","3005","0.2"
"3007","3006","2.6"
"3008","3007","1.9"
"3009","3008","3.9"
"3010","3009","2.7"
"3011","3010","2.1"
"3012","3011","1.8"
"3013","3012","3"
"3014","3013","1.4"
"3015","3014","5.2"
"3016","3015","1.9"
"3017","3016","2.9"
"3018","3017","1"
"3019","3018","1.2"
"3020","3019","5.1"
"3021","3020","1.1"
"3022","3021","4.8"
"3023","3022","5"
"3024","3023","2.5"
"3025","3024","1.1"
"3026","3025","1.5"
"3027","3026","4"
"3028","3027","4.4"
"3029","3028","0.1"
"3030","3029","3.7"
"3031","3030","3.1"
"3032","3031","2.2"
"3033","3032","4.6"
"3034","3033","3.6"
"3035","3034","-0.4"
"3036","3035","5"
"3037","3036","2.9"
"3038","3037","-0.8"
"3039","3038","3.4"
"3040","3039","2.5"
"3041","3040","5.5"
"3042","3041","0.2"
"3043","3042","2.6"
"3044","3043","4.2"
"3045","3044","0.4"
"3046","3045","3.8"
"3047","3046","0.8"
"3048","3047","3.9"
"3049","3048","2.6"
"3050","3049","0.9"
"3051","3050","2.7"
"3052","3051","-0.7"
"3053","3052","2.1"
"3054","3053","1.5"
"3055","3054","1.4"
"3056","3055","0.6"
"3057","3056","2.5"
"3058","3057","2.1"
"3059","3058","0.9"
"3060","3059","3.9"
"3061","3060","3.6"
"3062","3061","1.2"
"3063","3062","2.9"
"3064","3063","2.5"
"3065","3064","2.9"
"3066","3065","1.4"
"3067","3066","3.4"
"3068","3067","4.1"
"3069","3068","1.7"
"3070","3069","2.5"
"3071","3070","1.5"
"3072","3071","1.1"
"3073","3072","3.7"
"3074","3073","1.3"
"3075","3074","0.1"
"3076","3075","1"
"3077","3076","0.8"
"3078","3077","1.5"
"3079","3078","5"
"3080","3079","1.7"
"3081","3080","2.3"
"3082","3081","3.6"
"3083","3082","2"
"3084","3083","4.4"
"3085","3084","2.7"
"3086","3085","0.9"
"3087","3086","5.6"
"3088","3087","1.1"
"3089","3088","2.5"
"3090","3089","7.5"
"3091","3090","1.2"
"3092","3091","3.6"
"3093","3092","2.2"
"3094","3093","0.4"
"3095","3094","1.6"
"3096","3095","2"
"3097","3096","2.1"
"3098","3097","2.4"
"3099","3098","2.2"
"3100","3099","5.5"
"3101","3100","-1"
"3102","3101","-0.8"
"3103","3102","4.5"
"3104","3103","4.3"
"3105","3104","0.5"
"3106","3105","5.6"
"3107","3106","5.2"
"3108","3107","3.4"
"3109","3108","3.4"
"3110","3109","2.5"
"3111","3110","0.9"
"3112","3111","2"
"3113","3112","1.6"
"3114","3113","2.5"
"3115","3114","2.7"
"3116","3115","3.6"
"3117","3116","3.2"
"3118","3117","4.8"
"3119","3118","4"
"3120","3119","0.3"
"3121","3120","3.9"
"3122","3121","3.5"
"3123","3122","1.3"
"3124","3123","2.7"
"3125","3124","6.1"
"3126","3125","3.8"
"3127","3126","6.2"
"3128","3127","3.6"
"3129","3128","-0.1"
"3130","3129","3"
"3131","3130","3.9"
"3132","3131","0.3"
"3133","3132","2.4"
"3134","3133","-0.1"
"3135","3134","-1.4"
"3136","3135","5.3"
"3137","3136","3.4"
"3138","3137","2.7"
"3139","3138","1.2"
"3140","3139","3.2"
"3141","3140","2.3"
"3142","3141","2.8"
"3143","3142","3.6"
"3144","3143","3.4"
"3145","3144","3.1"
"3146","3145","0.8"
"3147","3146","3"
"3148","3147","4.5"
"3149","3148","4.2"
"3150","3149","1.1"
"3151","3150","-0.5"
"3152","3151","2.5"
"3153","3152","2.9"
"3154","3153","2.6"
"3155","3154","-0.1"
"3156","3155","0.9"
"3157","3156","1.9"
"3158","3157","6.6"
"3159","3158","2.8"
"3160","3159","3.8"
"3161","3160","3.4"
"3162","3161","2.3"
"3163","3162","0.5"
"3164","3163","2.9"
"3165","3164","2.9"
"3166","3165","-0.9"
"3167","3166","4"
"3168","3167","0.2"
"3169","3168","4"
"3170","3169","1.6"
"3171","3170","1.5"
"3172","3171","3.5"
"3173","3172","0.8"
"3174","3173","1.8"
"3175","3174","3.7"
"3176","3175","4.3"
"3177","3176","2.3"
"3178","3177","-0.1"
"3179","3178","3.5"
"3180","3179","1.4"
"3181","3180","1.7"
"3182","3181","3"
"3183","3182","2.4"
"3184","3183","3.8"
"3185","3184","4.4"
"3186","3185","3.1"
"3187","3186","3.3"
"3188","3187","2.1"
"3189","3188","2.3"
"3190","3189","2.8"
"3191","3190","2.4"
"3192","3191","2.1"
"3193","3192","3.3"
"3194","3193","1.7"
"3195","3194","2.3"
"3196","3195","3.7"
"3197","3196","-0.1"
"3198","3197","1.5"
"3199","3198","2.9"
"3200","3199","0.2"
"3201","3200","6.9"
"3202","3201","3.7"
"3203","3202","3.5"
"3204","3203","3.8"
"3205","3204","3.1"
"3206","3205","2.5"
"3207","3206","1.4"
"3208","3207","2.9"
"3209","3208","1.7"
"3210","3209","2.9"
"3211","3210","3.6"
"3212","3211","4.6"
"3213","3212","2.6"
"3214","3213","2.6"
"3215","3214","2.7"
"3216","3215","2.9"
"3217","3216","-0.8"
"3218","3217","3.6"
"3219","3218","3.8"
"3220","3219","3.9"
"3221","3220","1.3"
"3222","3221","4.5"
"3223","3222","1.7"
"3224","3223","2.5"
"3225","3224","2.9"
"3226","3225","4.6"
"3227","3226","2"
"3228","3227","2.2"
"3229","3228","0.7"
"3230","3229","5.1"
"3231","3230","1"
"3232","3231","3.5"
"3233","3232","2"
"3234","3233","1.1"
"3235","3234","4"
"3236","3235","4.1"
"3237","3236","1"
"3238","3237","3.5"
"3239","3238","3.9"
"3240","3239","2.2"
"3241","3240","3.2"
"3242","3241","4"
"3243","3242","3.5"
"3244","3243","0.1"
"3245","3244","2.2"
"3246","3245","-2"
"3247","3246","1.6"
"3248","3247","2.9"
"3249","3248","3.5"
"3250","3249","1.8"
"3251","3250","2.9"
"3252","3251","3.9"
"3253","3252","0.2"
"3254","3253","1.4"
"3255","3254","5.7"
"3256","3255","2.3"
"3257","3256","1.3"
"3258","3257","0.7"
"3259","3258","3.7"
"3260","3259","1.5"
"3261","3260","-0.1"
"3262","3261","0.8"
"3263","3262","3.1"
"3264","3263","2.5"
"3265","3264","5.3"
"3266","3265","3.9"
"3267","3266","2.8"
"3268","3267","3.4"
"3269","3268","3.7"
"3270","3269","4.1"
"3271","3270","1.3"
"3272","3271","1.5"
"3273","3272","0.6"
"3274","3273","1.2"
"3275","3274","2.7"
"3276","3275","0.7"
"3277","3276","1"
"3278","3277","5.3"
"3279","3278","2.2"
"3280","3279","3.6"
"3281","3280","3.7"
"3282","3281","4.4"
"3283","3282","2.9"
"3284","3283","0.7"
"3285","3284","4.2"
"3286","3285","4.6"
"3287","3286","3.6"
"3288","3287","0.1"
"3289","3288","0"
"3290","3289","-0.3"
"3291","3290","2.4"
"3292","3291","1.9"
"3293","3292","1.6"
"3294","3293","3.9"
"3295","3294","1.7"
"3296","3295","2.5"
"3297","3296","0.5"
"3298","3297","5.6"
"3299","3298","3.4"
"3300","3299","3.4"
"3301","3300","3.6"
"3302","3301","-1"
"3303","3302","5.2"
"3304","3303","2.6"
"3305","3304","2.2"
"3306","3305","0.8"
"3307","3306","2"
"3308","3307","3.9"
"3309","3308","4.4"
"3310","3309","2.4"
"3311","3310","-0.2"
"3312","3311","3.6"
"3313","3312","4.1"
"3314","3313","2.4"
"3315","3314","3.6"
"3316","3315","3.5"
"3317","3316","3.1"
"3318","3317","-2.1"
"3319","3318","1.5"
"3320","3319","0.8"
"3321","3320","5.9"
"3322","3321","3.8"
"3323","3322","1.2"
"3324","3323","2.6"
"3325","3324","4"
"3326","3325","3.5"
"3327","3326","1.5"
"3328","3327","-0.7"
"3329","3328","3.4"
"3330","3329","1.9"
"3331","3330","3.1"
"3332","3331","3"
"3333","3332","4"
"3334","3333","5.9"
"3335","3334","3.7"
"3336","3335","4"
"3337","3336","3.2"
"3338","3337","1.4"
"3339","3338","1.4"
"3340","3339","3.3"
"3341","3340","2.3"
"3342","3341","4.9"
"3343","3342","6.5"
"3344","3343","2.5"
"3345","3344","0.6"
"3346","3345","3.4"
"3347","3346","3.5"
"3348","3347","1"
"3349","3348","3"
"3350","3349","4.2"
"3351","3350","2"
"3352","3351","0.1"
"3353","3352","4.2"
"3354","3353","1.7"
"3355","3354","1.1"
"3356","3355","3"
"3357","3356","2.4"
"3358","3357","1.4"
"3359","3358","1.4"
"3360","3359","-0.7"
"3361","3360","4.7"
"3362","3361","1.7"
"3363","3362","3.6"
"3364","3363","4.2"
"3365","3364","0.5"
"3366","3365","4"
"3367","3366","1.9"
"3368","3367","0"
"3369","3368","4.4"
"3370","3369","3.6"
"3371","3370","6.1"